{"type":"FeatureCollection","features":[{"type":"Feature","properties":{"name":"CENTRAL SAN DIEGO"},"geometry":{"type":"MultiPolygon","coordinates":[[[[-117.12449093891824,32.67818811371764],[-117.12398089245822,32.67836375783582],[-117.12475889176359,32.679295758421894],[-117.12132989201821,32.679428759383704],[-117.11099888831566,32.68233775834429],[-117.12323389340946,32.69093775954853],[-117.12068789184795,32.69469076109559],[-117.120500893581,32.70565176137755],[-117.11975489275095,32.7090817618497],[-117.11786089264201,32.71397376273244],[-117.11759989289338,32.71938176399518],[-117.1168468938329,32.72117276439918],[-117.11228089307316,32.72787176473755],[-117.11172089327052,32.729337764674824],[-117.11149689284656,32.73185776503151],[-117.1131668940778,32.733722765839424],[-117.11613989404162,32.74039976516933],[-117.12260789664882,32.748627766362944],[-117.12645189731025,32.748474766118434],[-117.12646789775854,32.75530176742127],[-117.12504889753846,32.7552927682583],[-117.12811389868195,32.76469476797279],[-117.12990390071256,32.76844776902185],[-117.13146989947313,32.77082876877435],[-117.13787290021476,32.76921576874136],[-117.13873890096495,32.76840176794777],[-117.1388139008364,32.76746676826259],[-117.1392809010778,32.76733376744751],[-117.13894590094762,32.7660007676662],[-117.14304806494852,32.76603949001093],[-117.14966168045275,32.76456903537621],[-117.14966283531521,32.764047203188824],[-117.1510641958149,32.76421761906116],[-117.15750352208549,32.76255637604904],[-117.15749563239349,32.76148904645676],[-117.15814803410962,32.76125826197595],[-117.15823829464826,32.760920359405524],[-117.15970990610538,32.760924202042936],[-117.15977196283018,32.761328279375185],[-117.16036802510497,32.76116743402241],[-117.16056486225426,32.759433836288906],[-117.15991271472379,32.75799864536312],[-117.15991361459938,32.757240894867984],[-117.16270418127357,32.75998617613727],[-117.1636767214431,32.7596896413548],[-117.16361886231374,32.759389820350215],[-117.16559921559363,32.758318162489076],[-117.16832601676492,32.75848891708946],[-117.16833307417363,32.75903591638758],[-117.17000549131042,32.75871063418959],[-117.16996516513954,32.75719921202411],[-117.17147008935234,32.75720651965328],[-117.17144965802515,32.757962689609286],[-117.17425157612917,32.75796645306435],[-117.17427750908664,32.75764918232469],[-117.17669758267543,32.75765027095592],[-117.17871819305479,32.75702532149389],[-117.1820477682987,32.75724438505143],[-117.18260134075312,32.75675197724737],[-117.1825287717096,32.75724353459001],[-117.18379005012308,32.757956577405935],[-117.18403588082857,32.757244211389505],[-117.18730889570341,32.75904251778686],[-117.18924012920832,32.759157822451826],[-117.19116669613086,32.75710923827082],[-117.1916413931628,32.757394210934294],[-117.19314191004152,32.75576176318722],[-117.19349990937333,32.75601076361261],[-117.19353565888541,32.75500315499054],[-117.19419091063982,32.75524176443481],[-117.19485991052491,32.754469764240845],[-117.19394590993414,32.7539107628185],[-117.19491591012516,32.75278476352855],[-117.18950052284636,32.74944631442065],[-117.1905809073432,32.747963764765025],[-117.18547590691996,32.74558076321202],[-117.18574590736773,32.74591676265061],[-117.18537290685666,32.746348762667],[-117.18168690577598,32.7440847640389],[-117.18120717695889,32.743353172918795],[-117.18242090713179,32.7425577633257],[-117.18022790568625,32.74141776302563],[-117.17852590608821,32.739666763259685],[-117.18060790710085,32.73831376220343],[-117.17523790538658,32.73252676269934],[-117.17370890415286,32.72950576170393],[-117.17715090458918,32.728408761496965],[-117.17740690474625,32.72767476163603],[-117.17990290399675,32.72711075938512],[-117.18078690436217,32.7255347608606],[-117.18300919974057,32.72620521537277],[-117.12452931768918,32.67893151660354],[-117.12449093891824,32.67818811371764]]],[[[-117.23939862416321,32.690586990760345],[-117.21118759026011,32.72416963550191],[-117.21315291016232,32.72372075824079],[-117.21390791067275,32.724061759328634],[-117.21395991043626,32.72465575911411],[-117.21015279579277,32.725400764897934],[-117.20745842407807,32.72860611329333],[-117.21347291102562,32.728031759086456],[-117.21394791099037,32.728086760095934],[-117.21397391152185,32.72841276011005],[-117.21531891181655,32.72812975912621],[-117.21693291191089,32.72409375883441],[-117.21724391195619,32.72236675901066],[-117.21787491088399,32.72180075931372],[-117.22107591179208,32.72305375940627],[-117.2237922714958,32.724652005973034],[-117.22626891291485,32.72479575840704],[-117.22699091284615,32.72447575832158],[-117.22773791335594,32.72343675827409],[-117.22775691270225,32.72120375845642],[-117.22271991163073,32.71825775849536],[-117.22224591172315,32.71836275823253],[-117.22094491067601,32.71974875789777],[-117.22052691212772,32.71973675896331],[-117.22021591230713,32.71937475724545],[-117.22042391081997,32.71807675750351],[-117.22262191107988,32.715491757465564],[-117.22307691255672,32.71579475770249],[-117.22367491243659,32.71507375738161],[-117.22660191208797,32.713307756382754],[-117.2318419121633,32.70862575580778],[-117.23393591295104,32.70792175629855],[-117.23492491273677,32.708041755817234],[-117.23471791299472,32.70898775683016],[-117.23235691255354,32.70961575723383],[-117.22977591249,32.71217975686709],[-117.2245409125135,32.71612375736795],[-117.22420291286393,32.716827757583076],[-117.22496491303237,32.71855475825476],[-117.22744391260765,32.71994475825076],[-117.22927091268039,32.717821758266176],[-117.23131391294554,32.71884875796934],[-117.23455291317681,32.71739075766384],[-117.2354499140476,32.716246757758135],[-117.23615791381825,32.71426075710252],[-117.23540994600802,32.713980939966525],[-117.23368062129953,32.71531939842981],[-117.23312622599241,32.715022511124346],[-117.23606591423186,32.712627756592326],[-117.23683369890627,32.71116632130858],[-117.23629152185144,32.71112009001938],[-117.23632595545365,32.71100162825006],[-117.23690983014004,32.71117563714361],[-117.2370719134192,32.70892675581668],[-117.23694691330115,32.7068917553898],[-117.2359909137855,32.70631475536157],[-117.23693391331408,32.70680375578072],[-117.23659491408996,32.705522756162324],[-117.23696591389029,32.70536375607227],[-117.23659491309738,32.70511575538041],[-117.23647091297379,32.70392275612768],[-117.2350339123676,32.70406075649586],[-117.23460991187072,32.70290575583436],[-117.23511191322831,32.703917756299546],[-117.2355539132812,32.70380775617684],[-117.23528691383865,32.70272475610111],[-117.2356509128768,32.70377975532211],[-117.23594991374198,32.70371975590222],[-117.23594991428621,32.703389755346755],[-117.23639291377137,32.70369775584005],[-117.23708191342449,32.70281675583494],[-117.23615091284836,32.702311755464066],[-117.23710791287267,32.70271775492425],[-117.23812791395765,32.701315754958344],[-117.23679391362238,32.700754754704235],[-117.23618291266192,32.70141575498393],[-117.23756091319613,32.69912175504519],[-117.23686591332282,32.70064475518577],[-117.23812091295066,32.70118375502437],[-117.2394469129639,32.69922575495712],[-117.23943991383028,32.69737775457769],[-117.23991991334859,32.695314754613534],[-117.23939862416321,32.690586990760345]]],[[[-117.19831837430452,32.7146472142524],[-117.19721338747917,32.714657063119134],[-117.19981208737974,32.71844240619655],[-117.19831837430452,32.7146472142524]]],[[[-117.18469398721801,32.72756583125756],[-117.18448890619312,32.728051760286405],[-117.1857481822589,32.728417149901325],[-117.18469398721801,32.72756583125756]]]]}},{"type":"Feature","properties":{"name":"PENINSULA"},"geometry":{"type":"MultiPolygon","coordinates":[[[[-117.24820690339398,32.680094000099416],[-117.23939862416321,32.690586990760345],[-117.23991991334859,32.695314754613534],[-117.23943991383028,32.69737775457769],[-117.2394469129639,32.69922575495712],[-117.23812091295066,32.70118375502437],[-117.23686591332282,32.70064475518577],[-117.23756091319613,32.69912175504519],[-117.23618291266192,32.70141575498393],[-117.23679391362238,32.700754754704235],[-117.23812791395765,32.701315754958344],[-117.23710791287267,32.70271775492425],[-117.23615091284836,32.702311755464066],[-117.23708191342449,32.70281675583494],[-117.23639291377137,32.70369775584005],[-117.23594991428621,32.703389755346755],[-117.23594991374198,32.70371975590222],[-117.2356509128768,32.70377975532211],[-117.23528691383865,32.70272475610111],[-117.2355539132812,32.70380775617684],[-117.23511191322831,32.703917756299546],[-117.23460991187072,32.70290575583436],[-117.2350339123676,32.70406075649586],[-117.23637991329159,32.703807756172246],[-117.23659491309738,32.70511575538041],[-117.23696591389029,32.70536375607227],[-117.23659491408996,32.705522756162324],[-117.23693391331408,32.70680375578072],[-117.2359909137855,32.70631475536157],[-117.23694691330115,32.7068917553898],[-117.23690983014004,32.71117563714361],[-117.23632595545365,32.71100162825006],[-117.23683369890627,32.71116632130858],[-117.23598791365359,32.71273275707375],[-117.23312622599241,32.715022511124346],[-117.23364984467447,32.71532926713834],[-117.23540994600802,32.713980939966525],[-117.2360539135641,32.7141897563096],[-117.23537791414655,32.716367756711946],[-117.23442891429478,32.71750075724016],[-117.23131391294554,32.71884875796934],[-117.22927091268039,32.717821758266176],[-117.22744391260765,32.71994475825076],[-117.22496491303237,32.71855475825476],[-117.22420291286393,32.716827757583076],[-117.2245409125135,32.71612375736795],[-117.22977591249,32.71217975686709],[-117.23235691255354,32.70961575723383],[-117.23471791299472,32.70898775683016],[-117.23492491273677,32.708041755817234],[-117.23393591295104,32.70792175629855],[-117.2318419121633,32.70862575580778],[-117.22660191208797,32.713307756382754],[-117.22367491243659,32.71507375738161],[-117.22307691255672,32.71579475770249],[-117.22262191107988,32.715491757465564],[-117.22042391081997,32.71807675750351],[-117.22021591230713,32.71937475724545],[-117.22052691212772,32.71973675896331],[-117.22094491067601,32.71974875789777],[-117.22224591172315,32.71836275823253],[-117.22271991163073,32.71825775849536],[-117.22775691270225,32.72120375845642],[-117.22773791335594,32.72343675827409],[-117.22699091284615,32.72447575832158],[-117.22626891291485,32.72479575840704],[-117.2237922714958,32.724652005973034],[-117.21896791221262,32.722053758956825],[-117.21774491142628,32.72184475913831],[-117.21724391195619,32.72236675901066],[-117.21693291191089,32.72409375883441],[-117.21531891181655,32.72812975912621],[-117.21397391152185,32.72841276011005],[-117.21394791099037,32.728086760095934],[-117.21347291102562,32.728031759086456],[-117.20745842407807,32.72860611329333],[-117.19877471099167,32.73893437506531],[-117.1857481822589,32.728417149901325],[-117.18448890619312,32.728051760286405],[-117.18469398721801,32.72756583125756],[-117.18300919974057,32.72620521537277],[-117.18078690436217,32.7255347608606],[-117.17990290399675,32.72711075938512],[-117.17740690474625,32.72767476163603],[-117.17715090458918,32.728408761496965],[-117.17370890415286,32.72950576170393],[-117.17523790538658,32.73252676269934],[-117.18060790710085,32.73831376220343],[-117.17852590608821,32.739666763259685],[-117.18022790568625,32.74141776302563],[-117.18242090713179,32.7425577633257],[-117.18120717695889,32.743353172918795],[-117.18168690577598,32.7440847640389],[-117.18537290685666,32.746348762667],[-117.18574590736773,32.74591676265061],[-117.18547590691996,32.74558076321202],[-117.1905809073432,32.747963764765025],[-117.18950052284636,32.74944631442065],[-117.19491591012516,32.75278476352855],[-117.19394590993414,32.7539107628185],[-117.19485991052491,32.754469764240845],[-117.19419091063982,32.75524176443481],[-117.19355748732744,32.754982808946366],[-117.1934999115983,32.75601076095835],[-117.19314191004152,32.75576176318722],[-117.1916413931628,32.757394210934294],[-117.19116669613086,32.75710923827082],[-117.18929690730589,32.75929476354664],[-117.19055990977081,32.75931676453917],[-117.19402790943802,32.760316763894394],[-117.19540891046215,32.76025176370766],[-117.196341910374,32.759507763891506],[-117.19660891059893,32.76030376430435],[-117.20263591164536,32.75932576404061],[-117.20378291112162,32.759393763781716],[-117.203869911292,32.759671763698314],[-117.20589091229185,32.7596457629172],[-117.21468091322876,32.75855276315495],[-117.22087591420038,32.75720376276204],[-117.22630491547943,32.75708576244934],[-117.23544091685335,32.75574976213122],[-117.23507391701784,32.75640876101076],[-117.245495918155,32.755152761931924],[-117.25343235645929,32.7540137329756],[-117.25348327277484,32.74852368454983],[-117.2538067010019,32.74727297500471],[-117.25855879930212,32.75017741562701],[-117.25842876769387,32.75069369708593],[-117.25921774942907,32.74980303263347],[-117.25926249235573,32.74939363036067],[-117.25862881897667,32.75013443522723],[-117.25384837589658,32.747195770948494],[-117.25502191960649,32.746717760288824],[-117.2555959189824,32.74534875964451],[-117.25548591892905,32.74384176000388],[-117.2551279196336,32.74396875999491],[-117.25563591896176,32.74347875898144],[-117.25521291855735,32.7433967597185],[-117.25536891935654,32.74308276036696],[-117.25503791962612,32.742626759254925],[-117.25543691834639,32.73948475882698],[-117.25514691849557,32.73905475927599],[-117.2555089192289,32.73868975953567],[-117.25565291810483,32.736803758997766],[-117.25622591843103,32.73628075774929],[-117.25607691848904,32.735103758543325],[-117.25672791869637,32.73464775871842],[-117.2565329181841,32.73372375843802],[-117.25745691919519,32.73330675827128],[-117.25670291960934,32.7324977580407],[-117.25714591982201,32.73205775798662],[-117.25688691846614,32.73052975683139],[-117.25740691840262,32.7306337577327],[-117.25700991821336,32.729907757634614],[-117.25639291778596,32.72970475735003],[-117.25678991792857,32.729434756930594],[-117.25635991863012,32.72924775782683],[-117.25647091803624,32.72874775849638],[-117.25592491817812,32.72815875770664],[-117.25582791709604,32.727476757486116],[-117.2566089180937,32.72683975803271],[-117.25697991822817,32.726008756411666],[-117.25806628123453,32.725624930726944],[-117.25756793809161,32.72468942828778],[-117.25771513701233,32.724004284566895],[-117.25728791812229,32.723105756364575],[-117.25725572510713,32.72188384879215],[-117.25578991692808,32.716176756064066],[-117.25592746423965,32.71575251036083],[-117.24881389848848,32.682898723428785],[-117.24833233462145,32.6822891638345],[-117.24861341095173,32.68197236052357],[-117.24820690339398,32.680094000099416]]],[[[-117.21315291016232,32.72372075824079],[-117.21118759026011,32.72416963550191],[-117.21015279579277,32.725400764897934],[-117.21395991043626,32.72465575911411],[-117.21390791067275,32.724061759328634],[-117.21315291016232,32.72372075824079]]]]}},{"type":"Feature","properties":{"name":"CORONADO"},"geometry":{"type":"Polygon","coordinates":[[[-117.12221088539553,32.58883874847232],[-117.12147188461996,32.587114747845206],[-117.12039888576808,32.5872877468349],[-117.11945988473646,32.58835774823018],[-117.11893088455842,32.59102774878278],[-117.118593883869,32.59126574795455],[-117.11705788460809,32.5911887485976],[-117.11700388389609,32.59141974856109],[-117.11827088609695,32.591500747198296],[-117.11500043102725,32.593801084803005],[-117.11488793336957,32.59420644642541],[-117.11671875574227,32.6060501115469],[-117.11961121075669,32.60570737199811],[-117.11980788577083,32.606987749820604],[-117.11794453904633,32.607522323342245],[-117.12216070069323,32.63302355996484],[-117.12060661194192,32.602872411694165],[-117.19721338747917,32.714657063119134],[-117.19831837430452,32.7146472142524],[-117.18571845340443,32.68261771754571],[-117.18030041816256,32.679473452947704],[-117.17982898592767,32.67865346789267],[-117.17867862363619,32.678662141771966],[-117.172205153972,32.674027268058914],[-117.16794936662973,32.669782341523614],[-117.16263691158326,32.6635551903468],[-117.15031445107404,32.64562385581456],[-117.14356474294863,32.63449481941933],[-117.14121010984805,32.629704740526755],[-117.1408968325478,32.629584478736824],[-117.13749773910845,32.62035641023897],[-117.13407839161744,32.60517081640148],[-117.13279687758359,32.59554378665596],[-117.13274805759946,32.5856743514753],[-117.1317008863221,32.58559674705821],[-117.12221088539553,32.58883874847232]]]}},{"type":"Feature","properties":{"name":"NATIONAL CITY"},"geometry":{"type":"Polygon","coordinates":[[[-117.12281278765145,32.645667695125],[-117.10504788659267,32.65057575637162],[-117.10419388643744,32.650583756957055],[-117.10278988666656,32.64638775568737],[-117.09619788457798,32.64825875629044],[-117.09852624860368,32.654245663217296],[-117.09647731726822,32.65482178072743],[-117.09681780426854,32.65571182866798],[-117.09474958860034,32.65628946521749],[-117.09288396719153,32.65146071058205],[-117.0887954900929,32.652600711819545],[-117.0906648821833,32.65741275840944],[-117.0865884867177,32.65856482837575],[-117.0872578847982,32.66028076027049],[-117.0845028842325,32.66102775770693],[-117.08284910041165,32.65849137000115],[-117.08101935364343,32.658143604497596],[-117.08024952409652,32.65776632107341],[-117.08014802940343,32.65741866433487],[-117.07969839137074,32.65746096925832],[-117.07759005345953,32.656397224674706],[-117.07555994732591,32.65619375914966],[-117.07281323349306,32.65669336969384],[-117.0743778815506,32.65849075779108],[-117.07118788190134,32.65930875808649],[-117.06543988021782,32.66241975912638],[-117.07287696074607,32.681575979079305],[-117.06466288222387,32.68384376147277],[-117.0659978798836,32.68733276107736],[-117.06398188276157,32.68788776254886],[-117.06537188253864,32.69135676274978],[-117.07552588381819,32.68847976207645],[-117.07665988491485,32.691921762458286],[-117.07784288479701,32.691594762323525],[-117.07848188499422,32.69319576188061],[-117.07961788537521,32.692731762012976],[-117.08135388565117,32.69329676258394],[-117.08366288594742,32.69283376124717],[-117.08514388647417,32.6923697612231],[-117.08514588598628,32.69190076134966],[-117.08727888567371,32.69190776151628],[-117.08727988596536,32.69132476205043],[-117.09047288658046,32.69131876170923],[-117.09105088826925,32.69207976172961],[-117.09378488859875,32.692168761194594],[-117.09374088766266,32.68898076115656],[-117.09604588815547,32.688969760579404],[-117.09603888752547,32.688386760998476],[-117.09813788766726,32.68839276052532],[-117.09814788858988,32.68894176043783],[-117.1024548884807,32.688966761348745],[-117.10236288924627,32.68779176046179],[-117.10141888908065,32.68502176023695],[-117.12132989201821,32.679428759383704],[-117.12475889176359,32.679295758421894],[-117.12398089245822,32.67836375783582],[-117.12449093891824,32.67818811371764],[-117.12281278765145,32.645667695125]]]}},{"type":"Feature","properties":{"name":"SOUTHEASTERN SAN DIEGO"},"geometry":{"type":"Polygon","coordinates":[[[-117.03654987638814,32.66049375994583],[-117.03288887435203,32.66073175996069],[-117.0273258749765,32.66312876117339],[-117.02348487372774,32.66608976219194],[-117.02285787403082,32.669251762712605],[-117.0221778730215,32.670346762269006],[-117.01814487358368,32.6737347628014],[-117.01625687545912,32.674432768557544],[-117.01768887330934,32.67803776439792],[-117.01442187376712,32.681161764456206],[-117.01391387281427,32.682864763383904],[-117.01584287395981,32.68690176447347],[-117.0171278744552,32.691672765966445],[-117.01511887355566,32.69382176612196],[-117.01262987454398,32.69796976677157],[-117.01144287322447,32.70104076693457],[-117.01112487404626,32.7042907667766],[-117.01034687405141,32.70530476788402],[-117.01254987502354,32.71143476809525],[-117.01273387542172,32.71477676873709],[-117.01657887703625,32.7147457688411],[-117.0179428763361,32.715017768380555],[-117.01916087562445,32.715715768373244],[-117.02134087697037,32.717981769038445],[-117.02210787759702,32.71834976803912],[-117.02587687876672,32.718546768323115],[-117.02587987818454,32.71779076882081],[-117.02726787820428,32.716992766979125],[-117.03331188000647,32.715123766797554],[-117.03636987906589,32.71293176719357],[-117.03805687965023,32.71216276604289],[-117.04930588011095,32.712096766823535],[-117.049368883223,32.735148768536966],[-117.05029788406537,32.73494576808016],[-117.05202388349468,32.73382176822568],[-117.05643188482436,32.73439376833617],[-117.05505188413761,32.73549076916725],[-117.0532358841319,32.73801176892357],[-117.04974688362606,32.740942769247575],[-117.05084888457408,32.74204576991369],[-117.05335988379703,32.739838769826896],[-117.05932588478113,32.733392767628054],[-117.06258188608979,32.730985768083464],[-117.06515788630556,32.72957876693216],[-117.07205188692575,32.72688576623668],[-117.08225788814991,32.71921776499372],[-117.08418088804163,32.718294765968025],[-117.08622788799042,32.71788776450586],[-117.09090488907961,32.71788576474928],[-117.09621189022275,32.71917776370074],[-117.10269489205119,32.71913676468468],[-117.10704089180197,32.7183677635022],[-117.1105188928227,32.718315763930605],[-117.11783289378619,32.71720376360819],[-117.11786089264201,32.71397376273244],[-117.11975489275095,32.7090817618497],[-117.120500893581,32.70565176137755],[-117.12068789184795,32.69469076109559],[-117.12323389340946,32.69093775954853],[-117.11099888831566,32.68233775834429],[-117.10141888908065,32.68502176023695],[-117.10236288924627,32.68779176046179],[-117.1024548884807,32.688966761348745],[-117.09814788858988,32.68894176043783],[-117.09813788766726,32.68839276052532],[-117.09603888752547,32.688386760998476],[-117.09604588815547,32.688969760579404],[-117.09374088766266,32.68898076115656],[-117.09378488859875,32.692168761194594],[-117.09105088826925,32.69207976172961],[-117.09047288658046,32.69131876170923],[-117.08727988596536,32.69132476205043],[-117.08727888567371,32.69190776151628],[-117.08514588598628,32.69190076134966],[-117.08514388647417,32.6923697612231],[-117.08366288594742,32.69283376124717],[-117.08135388565117,32.69329676258394],[-117.07961788537521,32.692731762012976],[-117.07848188499422,32.69319576188061],[-117.07784288479701,32.691594762323525],[-117.07665988491485,32.691921762458286],[-117.07552588381819,32.68847976207645],[-117.06537188253864,32.69135676274978],[-117.06398188276157,32.68788776254886],[-117.0659978798836,32.68733276107736],[-117.06466288222387,32.68384376147277],[-117.07287696074607,32.681575979079305],[-117.06543988021782,32.66241975912638],[-117.0638459244502,32.6629676384473],[-117.05741185653282,32.66412865212657],[-117.05721987994716,32.66315476040204],[-117.05645387927703,32.66320875954665],[-117.05180587778402,32.66443476069494],[-117.04911487733835,32.66299976082236],[-117.04891687706773,32.660952760092684],[-117.04677687776594,32.6612247604282],[-117.04552687724457,32.66098575936324],[-117.04073387608187,32.658081759908036],[-117.03654987638814,32.66049375994583]]]}},{"type":"Feature","properties":{"name":"MID-CITY"},"geometry":{"type":"Polygon","coordinates":[[[-117.11783289378619,32.71720376360819],[-117.1105188928227,32.718315763930605],[-117.10704089180197,32.7183677635022],[-117.10269489205119,32.71913676468468],[-117.09621189022275,32.71917776370074],[-117.09120088881654,32.7179027647949],[-117.08492788925315,32.7180537643545],[-117.08225788814991,32.71921776499372],[-117.07205188692575,32.72688576623668],[-117.06515788630556,32.72957876693216],[-117.06258188608979,32.730985768083464],[-117.05869688459404,32.73401976803934],[-117.05335988379703,32.739838769826896],[-117.05084888457408,32.74204576991369],[-117.05128188373304,32.742466769106],[-117.04929288372044,32.7435867695119],[-117.04914388490288,32.75519177170321],[-117.05398488506053,32.75533077111004],[-117.05384788673871,32.75901077144385],[-117.0534358859768,32.759676772183695],[-117.05336488585141,32.76327277144086],[-117.05117188603572,32.763253771605626],[-117.05114488592433,32.766018773108904],[-117.0455958856233,32.76601077259862],[-117.04561388412881,32.76765177290771],[-117.04040988385921,32.76774777390074],[-117.04043588408948,32.76883077315715],[-117.03896488369887,32.768853773312784],[-117.03900388541477,32.770359773410426],[-117.03965388452704,32.77035977350193],[-117.03992088126647,32.771384772697445],[-117.04036888713682,32.77137877346585],[-117.04038888452284,32.77095777309729],[-117.04703488513088,32.77084677387665],[-117.04664988495057,32.77319977306286],[-117.04879235885537,32.7743273299436],[-117.04882588620151,32.775743773363374],[-117.05168688603365,32.77676677349854],[-117.05836388840399,32.77804077334194],[-117.06346288731928,32.779414773851336],[-117.07450389009045,32.77920077358795],[-117.08692389179605,32.780641772950496],[-117.09346689492655,32.78029077199553],[-117.10444389493163,32.77869977074013],[-117.1125198972289,32.778523770184805],[-117.11192036980697,32.77624920444852],[-117.11312603619328,32.77662936475658],[-117.11466314709946,32.77662824827791],[-117.11631028164527,32.77523978352859],[-117.1171678126751,32.77540973232801],[-117.11751761191195,32.77592108709621],[-117.12293296804347,32.7730989399366],[-117.12337885461274,32.77347755438733],[-117.12879824234271,32.77065510030132],[-117.12861656016116,32.769864760355084],[-117.13034161917737,32.76912826227073],[-117.12810289878894,32.7646677677572],[-117.12504889753846,32.7552927682583],[-117.12646789775854,32.75530176742127],[-117.12645189731025,32.748474766118434],[-117.12260789664882,32.748627766362944],[-117.11613989404162,32.74039976516933],[-117.1131668940778,32.733722765839424],[-117.11149689284656,32.73185776503151],[-117.11199289295757,32.72848376469816],[-117.1168468938329,32.72117276439918],[-117.1176708932492,32.71909676375717],[-117.11783289378619,32.71720376360819]]]}},{"type":"Feature","properties":{"name":"KEARNY MESA"},"geometry":{"type":"Polygon","coordinates":[[[-117.18260134075312,32.75675197724737],[-117.1820477682987,32.75724438505143],[-117.17871819305479,32.75702532149389],[-117.17669758267543,32.75765027095592],[-117.17427750908664,32.75764918232469],[-117.17425157612917,32.75796645306435],[-117.17144965802515,32.757962689609286],[-117.17147008935234,32.75720651965328],[-117.16996516513954,32.75719921202411],[-117.17000549131042,32.75871063418959],[-117.16833307417363,32.75903591638758],[-117.16832601676492,32.75848891708946],[-117.16559921559363,32.758318162489076],[-117.16361886231374,32.759389820350215],[-117.1636767214431,32.7596896413548],[-117.16270418127357,32.75998617613727],[-117.15991361459938,32.757240894867984],[-117.15991271472379,32.75799864536312],[-117.16056486225426,32.759433836288906],[-117.16036802510497,32.76116743402241],[-117.15977196283018,32.761328279375185],[-117.15970990610538,32.760924202042936],[-117.15823829464826,32.760920359405524],[-117.15814803410962,32.76125826197595],[-117.15749563239349,32.76148904645676],[-117.15750352208549,32.76255637604904],[-117.1510641958149,32.76421761906116],[-117.14966283531521,32.764047203188824],[-117.14966168045275,32.76456903537621],[-117.14304806494852,32.76603949001093],[-117.13894590094762,32.7660007676662],[-117.1392809010778,32.76733376744751],[-117.1388139008364,32.76746676826259],[-117.13866790051293,32.76849376808839],[-117.13756590126842,32.769371769171585],[-117.13146989947313,32.77082876877435],[-117.13034161917737,32.76912826227073],[-117.12999828999314,32.76912906250347],[-117.12861656016116,32.769864760355084],[-117.12879824234271,32.77065510030132],[-117.12675310063639,32.771900752773824],[-117.1250410764028,32.7724791072003],[-117.12337885461274,32.77347755438733],[-117.12293296804347,32.7730989399366],[-117.11751761191195,32.77592108709621],[-117.1171678126751,32.77540973232801],[-117.11631028164527,32.77523978352859],[-117.11466314709946,32.77662824827791],[-117.11312603619328,32.77662936475658],[-117.11192036980697,32.77624920444852],[-117.11456589836813,32.785289771665795],[-117.11422189860251,32.7877847714924],[-117.11234089804049,32.79343577294242],[-117.11220989806253,32.7952907728564],[-117.1126358985854,32.79934277355514],[-117.11532990046301,32.81646477590632],[-117.11901590248503,32.83294477728522],[-117.1210429028675,32.83810677721623],[-117.12120790338486,32.839914777512334],[-117.12093790287464,32.84165177806329],[-117.1288309050595,32.84150977710882],[-117.13425490546439,32.84092877665587],[-117.15272190796618,32.83738077484058],[-117.1557039096499,32.83721677628909],[-117.15805790894923,32.837602775310216],[-117.16021590942144,32.83845677497925],[-117.16949291250653,32.84520777585535],[-117.17108791286861,32.84615577575417],[-117.17306591191524,32.84673477612615],[-117.17939091415494,32.847341775228365],[-117.19272591536676,32.845637774535845],[-117.1955899166181,32.845528774828715],[-117.20163391667487,32.84652577447388],[-117.20258091792206,32.84704977278244],[-117.20430091861338,32.847135773573584],[-117.20829791859904,32.84639077309231],[-117.22162392024725,32.840486772462164],[-117.23335092266291,32.83828077125068],[-117.23522992349221,32.838639772189126],[-117.23330492176545,32.834007771443346],[-117.23302492219813,32.827820769841836],[-117.23188892133112,32.82468976981562],[-117.22255391949325,32.81508277025763],[-117.21471491721154,32.80516376880531],[-117.21226291533809,32.80149376798435],[-117.20805891485759,32.79376076779733],[-117.2072279147968,32.790616767020374],[-117.20713191408329,32.78830076702848],[-117.2086889135905,32.779307765856814],[-117.20869891343301,32.777571766098546],[-117.20479991138956,32.762115765125216],[-117.2044859118058,32.762158763584196],[-117.20379991148616,32.75940076419609],[-117.20263591164536,32.75932576404061],[-117.19660891059893,32.76030376430435],[-117.196341910374,32.759507763891506],[-117.19540891046215,32.76025176370766],[-117.19379691001647,32.760293765086985],[-117.19055990977081,32.75931676453917],[-117.18929690730589,32.75929476354664],[-117.18953761612572,32.759016543861065],[-117.18730889570341,32.75904251778686],[-117.18403588082857,32.757244211389505],[-117.18379005012308,32.757956577405935],[-117.1825287717096,32.75724353459001],[-117.18260134075312,32.75675197724737]]]}},{"type":"Feature","properties":{"name":"COASTAL"},"geometry":{"type":"Polygon","coordinates":[[[-117.25300003618808,32.75405927835272],[-117.23507391701784,32.75640876101076],[-117.23544091685335,32.75574976213122],[-117.22630491547943,32.75708576244934],[-117.22087591420038,32.75720376276204],[-117.2140629129388,32.75864976327799],[-117.203869911292,32.759671763698314],[-117.2044859118058,32.762158763584196],[-117.20479991138956,32.762115765125216],[-117.20869891343301,32.777571766098546],[-117.2086889135905,32.779307765856814],[-117.20713191408329,32.78830076702848],[-117.2072279147968,32.790616767020374],[-117.20805891485759,32.79376076779733],[-117.21226291533809,32.80149376798435],[-117.21471491721154,32.80516376880531],[-117.22255391949325,32.81508277025763],[-117.23123992092418,32.82380676948073],[-117.23286592092013,32.826955770786185],[-117.23330492176545,32.834007771443346],[-117.23661992259967,32.842301772593984],[-117.2362229241061,32.846774773014964],[-117.23508092340094,32.849498773226465],[-117.23652992381683,32.85121077322672],[-117.23716392380108,32.85450977439046],[-117.23718192534386,32.859925774392764],[-117.236275924811,32.86224577483542],[-117.2361339238314,32.86349177414084],[-117.23807092502898,32.868778774944694],[-117.23790092529677,32.87180577527883],[-117.24162892692262,32.870097774875106],[-117.24302692635054,32.87068377582541],[-117.24366192689588,32.87192877523567],[-117.24390092772951,32.87796577526707],[-117.24376092801674,32.887284777315315],[-117.24209492767889,32.890513777252195],[-117.24031192683218,32.89185477740145],[-117.2408549271755,32.89298377774693],[-117.24509292960394,32.91305978008177],[-117.2483369306463,32.91752377992715],[-117.249297930938,32.92069078026618],[-117.25014593130521,32.921957780514404],[-117.25453393228904,32.924496780367114],[-117.25876193253893,32.927797780721725],[-117.26011098369415,32.92735991902873],[-117.25923342240212,32.91760578960831],[-117.25867124306701,32.91395121860637],[-117.25690892038968,32.91083007041153],[-117.25582507786999,32.9069511328625],[-117.25525248186383,32.906365698417986],[-117.2542169538317,32.90043725601101],[-117.25357997137021,32.89539636474668],[-117.25307052047394,32.88374174367993],[-117.25209735699887,32.880896342423384],[-117.25131634906688,32.876327664476925],[-117.25216362349313,32.87241657470699],[-117.2531735505734,32.87158106935044],[-117.25436146940613,32.86627607207665],[-117.25737064585357,32.86714487507733],[-117.25437658465371,32.86620855016266],[-117.25490830387561,32.86362081504507],[-117.2561937806717,32.8597538364299],[-117.25846765754123,32.85578886043803],[-117.26075271989502,32.852706290584884],[-117.26146550323836,32.851981278634085],[-117.2632118994225,32.851044048055634],[-117.26451433466765,32.849294623568476],[-117.26553247704892,32.848841200148605],[-117.26662173390982,32.849023791226195],[-117.26763114463795,32.84861284888141],[-117.26977588940017,32.849679205204176],[-117.27007221594972,32.85015969877597],[-117.27040505958288,32.85015530570672],[-117.27046136025959,32.849638047683364],[-117.27127069077584,32.85042883648283],[-117.27269883903173,32.85030801677115],[-117.27322519397497,32.851115512941064],[-117.27389436191066,32.85113930537736],[-117.27516946962166,32.84961953869846],[-117.2759990769154,32.8494977340847],[-117.27733557632,32.84792359005981],[-117.27818281969519,32.84768535222645],[-117.27855197309516,32.84790223857443],[-117.27899503573809,32.847573921747276],[-117.2790769804345,32.84469363251014],[-117.28130221657845,32.843097679451155],[-117.2822532396733,32.83980196258369],[-117.28158790853043,32.838374223825824],[-117.28146036878815,32.83663252298798],[-117.2812999302377,32.83675476907837],[-117.28169392983497,32.836448768880366],[-117.28171453658547,32.83460787762169],[-117.27861253231444,32.820330393275086],[-117.27739009166551,32.819717671095155],[-117.2765186951334,32.8187917006945],[-117.27543164673293,32.81842605398084],[-117.27461994370405,32.81862752370476],[-117.27363571707565,32.817812840791184],[-117.27304255079335,32.816873747448504],[-117.27408282445289,32.815599903289495],[-117.27360463189933,32.815228090141005],[-117.27345972310775,32.81420900164227],[-117.27247952322726,32.814077235982424],[-117.27136984114873,32.81308721060187],[-117.26983558750216,32.81130028462835],[-117.26907919249768,32.80929173409337],[-117.26792830770229,32.80798160915486],[-117.26707037838034,32.80761831774618],[-117.26519377616515,32.80794206273683],[-117.263355810882,32.80652237089042],[-117.25983252564272,32.80169615453877],[-117.2574158474951,32.796385733678164],[-117.25963646144403,32.795734239426835],[-117.2595922047959,32.79560006130116],[-117.25721414331791,32.79587562697645],[-117.2565989516002,32.79418805192432],[-117.25469692214598,32.78687676481217],[-117.25374392172353,32.78058576434152],[-117.25324892122723,32.7699887620217],[-117.25342292105881,32.76287876215277],[-117.2541724054006,32.759173164201925],[-117.26035922207961,32.75831726070565],[-117.25913291220758,32.75587628877534],[-117.2536226182583,32.75657725913246],[-117.25300003618808,32.75405927835272]]]}},{"type":"Feature","properties":{"name":"UNIVERSITY"},"geometry":{"type":"Polygon","coordinates":[[[-117.23335092266291,32.83828077125068],[-117.22127091976547,32.84059377235918],[-117.2086679191052,32.84624677412518],[-117.20596791802471,32.846991773783834],[-117.20258091792206,32.84704977278244],[-117.20208091643339,32.8466277742502],[-117.20020191730349,32.84625477406206],[-117.1944049162509,32.84553177446104],[-117.17788991286386,32.84735177512798],[-117.18596391576678,32.86003377695522],[-117.19645691792412,32.871113776947524],[-117.19900991889811,32.874336777753506],[-117.20033191961404,32.87727677824083],[-117.20308392097496,32.88627377872727],[-117.20455092100224,32.88882877891341],[-117.20660392227448,32.89099177918837],[-117.21245492347514,32.89371277986889],[-117.21566292256897,32.89597277957232],[-117.22321792570426,32.90384077971652],[-117.22338392541035,32.90479377994656],[-117.22490747113461,32.90715641823136],[-117.23047292712944,32.914620781137366],[-117.23449692783943,32.91796278120846],[-117.23472592707937,32.91782378079068],[-117.23737092951897,32.9206687804994],[-117.23868192982889,32.92290578118751],[-117.24058592995544,32.928362782509566],[-117.2413369314516,32.93235378241866],[-117.24414593128868,32.93076478157611],[-117.24531893000709,32.9304897820737],[-117.25088793236175,32.932070782495444],[-117.25536593332718,32.93417478215203],[-117.25703593284207,32.935504782764234],[-117.25755293283297,32.93650478143415],[-117.25795793285678,32.938838782225424],[-117.2611379341847,32.94030078258779],[-117.26119479461074,32.9387661428332],[-117.26260327085214,32.93987127141511],[-117.26011098369415,32.92735991902873],[-117.25876193253893,32.927797780721725],[-117.25453393228904,32.924496780367114],[-117.25034293145706,32.92214878085206],[-117.249297930938,32.92069078026618],[-117.2483369306463,32.91752377992715],[-117.24509292960394,32.91305978008177],[-117.2408549271755,32.89298377774693],[-117.24031192683218,32.89185477740145],[-117.24209492767889,32.890513777252195],[-117.24376092801674,32.887284777315315],[-117.24390092772951,32.87796577526707],[-117.24366192689588,32.87192877523567],[-117.24302692635054,32.87068377582541],[-117.24162892692262,32.870097774875106],[-117.23790092529677,32.87180577527883],[-117.23807092502898,32.868778774944694],[-117.2361339238314,32.86349177414084],[-117.236275924811,32.86224577483542],[-117.23718192534386,32.859925774392764],[-117.23716392380108,32.85450977439046],[-117.23652992381683,32.85121077322672],[-117.23508092340094,32.849498773226465],[-117.2362229241061,32.846774773014964],[-117.23661992259967,32.842301772593984],[-117.23522992349221,32.838639772189126],[-117.23335092266291,32.83828077125068]]]}},{"type":"Feature","properties":{"name":"DEL MAR-MIRA MESA"},"geometry":{"type":"Polygon","coordinates":[[[-117.1994729191879,32.87517277779608],[-117.18806791769806,32.87684577903032],[-117.18353991629331,32.87690777852772],[-117.17514691557766,32.87811877890135],[-117.17434191464247,32.878039779039035],[-117.17432291514639,32.87652377942683],[-117.17346328686574,32.87569490692658],[-117.16138757265861,32.8756427148672],[-117.16166391282634,32.879012779616644],[-117.13647191066202,32.893332782464206],[-117.1347169098607,32.89365978365611],[-117.11924390598418,32.8938337835966],[-117.1167569064586,32.893309784614914],[-117.11675321536256,32.89280873542387],[-117.11536290587843,32.89285578490838],[-117.11643190501044,32.89657678517057],[-117.11652690689593,32.89818578448469],[-117.11673190733576,32.91204278709885],[-117.11638490760336,32.91711578796912],[-117.11477390824679,32.92606478841218],[-117.11025690847963,32.94110578934843],[-117.10879990800348,32.944378790648344],[-117.11223290980648,32.94462679007917],[-117.11236190915244,32.94319679003381],[-117.11273990934735,32.942904789782524],[-117.11585790980338,32.94318379046009],[-117.11672590960947,32.94391479032809],[-117.11838891048315,32.94424478988527],[-117.12071591013948,32.942312790331385],[-117.12226791028765,32.94210878901059],[-117.12445791088399,32.940578788996554],[-117.12893891150615,32.94003378938619],[-117.13013291276044,32.94396779057943],[-117.12976391318813,32.94891078944798],[-117.13035091283072,32.95146478947967],[-117.12990291312136,32.955441790574234],[-117.12923391317172,32.95675879133241],[-117.12670591252423,32.95886579232047],[-117.12627991246397,32.96042279178622],[-117.12666391298723,32.9632857926234],[-117.12839991346418,32.96542779192768],[-117.12920891307479,32.96840679231345],[-117.13180991477337,32.972244793121895],[-117.13181391514384,32.973256793033435],[-117.13098091349248,32.97637879352756],[-117.130951914983,32.982495794329104],[-117.13296091561833,32.982257794009726],[-117.13361091517402,32.982645793756475],[-117.13438391578146,32.98209579420093],[-117.13522391560954,32.98245679301959],[-117.13606991609727,32.98125379367477],[-117.13733591652706,32.98022479250279],[-117.14045291618905,32.978734792592206],[-117.14473391668741,32.977206792294844],[-117.15120891775743,32.97217079131256],[-117.1528159181252,32.97133279088024],[-117.1545979182017,32.970922791687876],[-117.16205091933666,32.97055079120978],[-117.16590092070398,32.96982179041739],[-117.16949992000698,32.970224790394205],[-117.17438592194357,32.96997879039171],[-117.17466792190588,32.97033479057304],[-117.17852192243306,32.97029978907874],[-117.17852692266477,32.973929789680334],[-117.20017192587848,32.97399378926364],[-117.20026792607793,32.97760078926104],[-117.20322592759477,32.97758378923085],[-117.2044919273435,32.97881478913403],[-117.20286392763204,32.98009679035584],[-117.20490692838312,32.98070178973934],[-117.20565892786193,32.980771789294806],[-117.20648392779897,32.97935278987511],[-117.21140992849406,32.97616378951744],[-117.21576392926686,32.97459578815604],[-117.21754792915483,32.974449788249395],[-117.2211149305329,32.9753487893731],[-117.22496693066886,32.975569787729505],[-117.22893093164315,32.974958788496664],[-117.23111793154835,32.97570878826059],[-117.23038193202532,32.977431787853476],[-117.23052593171833,32.982700789641115],[-117.23197293355477,32.98245978984769],[-117.23400293341108,32.981471788528786],[-117.2356489331939,32.98107178901494],[-117.24054593314384,32.98074578820561],[-117.24645793505864,32.98129478951602],[-117.25682693660053,32.97937078715657],[-117.26160693762864,32.980435787078726],[-117.27241927296997,32.98019934761001],[-117.27209620423413,32.97827737481328],[-117.27138719430586,32.977284418859746],[-117.27053715063437,32.97466136806541],[-117.2696028137201,32.970423276677344],[-117.2679439363376,32.9569727837533],[-117.26696793606777,32.95334278297759],[-117.26351056920373,32.94442220825451],[-117.26260327085214,32.93987127141511],[-117.26119479461074,32.9387661428332],[-117.2611379341847,32.94030078258779],[-117.2583229340466,32.939164782333066],[-117.25774593322367,32.938474781606416],[-117.25755293283297,32.93650478143415],[-117.25703593284207,32.935504782764234],[-117.25536593332718,32.93417478215203],[-117.25088793236175,32.932070782495444],[-117.24531893000709,32.9304897820737],[-117.24414593128868,32.93076478157611],[-117.2413369314516,32.93235378241866],[-117.24058592995544,32.928362782509566],[-117.23890492918937,32.92346378193585],[-117.2370279281486,32.920222781091105],[-117.23472592707937,32.91782378079068],[-117.23449692783943,32.91796278120846],[-117.23047292712944,32.914620781137366],[-117.22490747113461,32.90715641823136],[-117.22338392541035,32.90479377994656],[-117.22321792570426,32.90384077971652],[-117.21566292256897,32.89597277957232],[-117.21245492347514,32.89371277986889],[-117.20660392227448,32.89099177918837],[-117.20455092100224,32.88882877891341],[-117.20308392097496,32.88627377872727],[-117.1994729191879,32.87517277779608]]]}},{"type":"Feature","properties":{"name":"NORTH SAN DIEGO"},"geometry":{"type":"Polygon","coordinates":[[[-117.12887791157078,32.9400327894094],[-117.12445791088399,32.940578788996554],[-117.12226791028765,32.94210878901059],[-117.12071591013948,32.942312790331385],[-117.11838891048315,32.94424478988527],[-117.11672590960947,32.94391479032809],[-117.11585790980338,32.94318379046009],[-117.11273990934735,32.942904789782524],[-117.11236190915244,32.94319679003381],[-117.11223290980648,32.94462679007917],[-117.10856690882792,32.94432379019098],[-117.10599990851478,32.94817379125023],[-117.10476390864403,32.946892791300975],[-117.1033419077861,32.9461507919149],[-117.10211290749552,32.94610579070285],[-117.09954090654689,32.94683579236939],[-117.09666490670544,32.947024791236814],[-117.08224990435457,32.94560279217336],[-117.07939690338648,32.94627979186011],[-117.0737689033611,32.949186793429476],[-117.06952190233564,32.9501187935122],[-117.06580690113213,32.95148479289564],[-117.06253390061079,32.95180879404532],[-117.06234890316007,32.98178979800061],[-117.06188390264931,32.983497797997195],[-117.06480586096784,32.98601145009515],[-117.06232208219822,32.98597869125736],[-117.0622866004564,32.98902481114766],[-117.05832757543419,32.98885307905073],[-117.05788490438367,32.99855879924597],[-117.05822390445857,33.00188880016971],[-117.05562690377405,33.01137180112201],[-117.05638190494005,33.01145280073515],[-117.05711690427943,33.012901801103574],[-117.06037090629601,33.016716801591045],[-117.06085790545862,33.0178848012194],[-117.06107890543673,33.02122780268334],[-117.05921390562997,33.02999280456634],[-117.0602619067333,33.03395880436045],[-117.06077590745663,33.04083580374471],[-117.06156090740379,33.04205080472066],[-117.0643469083048,33.04372580383126],[-117.06519390906637,33.04470380520589],[-117.06546290881103,33.04573080524072],[-117.06551790879404,33.049618805557174],[-117.06727590993157,33.05311580623511],[-117.06996690968157,33.05523480555968],[-117.07170591071309,33.05593180521947],[-117.06997290988154,33.05949880598423],[-117.0712079101917,33.05929980597901],[-117.07346391153412,33.057268805916515],[-117.07517491071613,33.057043804817646],[-117.08175591267018,33.05922580606084],[-117.08394691317454,33.05750580533746],[-117.08539891272193,33.05566680514245],[-117.08747791322162,33.053798805684686],[-117.08840091248322,33.05355580459211],[-117.08925191210734,33.05377380475656],[-117.09327891459331,33.05691580472153],[-117.09863491517999,33.06037380502155],[-117.10232291607882,33.060896804415094],[-117.10644891572053,33.06079380460054],[-117.10807291672214,33.061037804927395],[-117.11000891759906,33.06191880452493],[-117.1105069166707,33.06255980512942],[-117.1106539188436,33.06749780484811],[-117.11151791776217,33.07023480530127],[-117.11286591843361,33.0717468053834],[-117.11377491932798,33.072185805913094],[-117.11479791880447,33.07221180587131],[-117.11568991832567,33.07166180535519],[-117.11635791832971,33.07053080545244],[-117.11693291921165,33.06818880442687],[-117.11712991864201,33.06302380438445],[-117.11557491718636,33.0558278035006],[-117.11857591822469,33.050035803284096],[-117.12067591775168,33.04823880169597],[-117.12891391845403,33.045537801595756],[-117.12885591953665,33.04498280183677],[-117.13153391880965,33.042685801176816],[-117.13204391927646,33.0416188008233],[-117.13420291936744,33.04054680101122],[-117.13773691853619,33.04075280048398],[-117.13930491907986,33.04030180165073],[-117.14151791873071,33.04040180157533],[-117.14532291958402,33.0419048021599],[-117.14962591995413,33.041998799396715],[-117.15289592437429,33.0428748003316],[-117.1562849245728,33.04193480114974],[-117.15742092313776,33.040862798325],[-117.16058292405086,33.03538180025587],[-117.1627119233782,33.033308799614105],[-117.16367192530466,33.031235798386696],[-117.16332892255436,33.02929779743114],[-117.16381592570411,33.02841379899674],[-117.16417492288606,33.02854179777846],[-117.16568992323845,33.02800279915704],[-117.16962692619343,33.024352797578885],[-117.17185892589522,33.02397879692234],[-117.17222792489743,33.02322279681051],[-117.17262892510821,33.02321579536553],[-117.17287292377507,33.023975797226434],[-117.17527992492224,33.023247798407894],[-117.17631792571947,33.02220379583864],[-117.17813892284654,33.01917879488643],[-117.17830892456706,33.017716795516],[-117.17718092388964,33.015344795020816],[-117.17452392419935,33.01293779728386],[-117.17424292620754,33.01205779765911],[-117.17302992345134,33.01236879507167],[-117.17420092453315,33.01147679493006],[-117.17387192461806,33.010847796197865],[-117.1742629241642,33.01045179610716],[-117.17986892581595,33.01151379581503],[-117.18491392666438,33.013196796993896],[-117.18642792820184,33.01328479664916],[-117.1874069275602,33.012861795353196],[-117.18975692737737,33.01265779455072],[-117.19140792764117,33.01104679425043],[-117.19226292803016,33.00821479395635],[-117.19405792790283,33.00659779349277],[-117.19510792827832,33.00636979335517],[-117.19739092854256,33.004582793188526],[-117.19927992770394,33.003647792707866],[-117.20188792853115,33.00336379342544],[-117.20395692949563,33.00265479247004],[-117.20550592902771,32.99936279280162],[-117.2065969289695,32.99935579295252],[-117.20721092921625,32.997748792971834],[-117.20894692980451,32.9968307911777],[-117.21009792860445,32.99524379200807],[-117.21345892791952,32.99366779049197],[-117.2158819298143,32.9914507912903],[-117.21698092887972,32.989662791068156],[-117.2171409294663,32.98552978914904],[-117.21787892929942,32.98442679018862],[-117.21930693107971,32.983886790458826],[-117.23052593171833,32.982700789641115],[-117.23038193202532,32.977431787853476],[-117.23111793154835,32.97570878826059],[-117.22955093201497,32.975026787905],[-117.22726493193326,32.975065788684994],[-117.22473993026092,32.97557178778724],[-117.22088692923012,32.97531778851262],[-117.2181369293325,32.97446378851215],[-117.21576392926686,32.97459578815604],[-117.21102992903639,32.9763707896701],[-117.20648392779897,32.97935278987511],[-117.20565892786193,32.980771789294806],[-117.20286392763204,32.98009679035584],[-117.2044919273435,32.97881478913403],[-117.20322592759477,32.97758378923085],[-117.20026792607793,32.97760078926104],[-117.20017192587848,32.97399378926364],[-117.17852692266477,32.973929789680334],[-117.17852192243306,32.97029978907874],[-117.17466792190588,32.97033479057304],[-117.17438592194357,32.96997879039171],[-117.16949992000698,32.970224790394205],[-117.16590092070398,32.96982179041739],[-117.16205091933666,32.97055079120978],[-117.1545979182017,32.970922791687876],[-117.1528159181252,32.97133279088024],[-117.15120891775743,32.97217079131256],[-117.14473391668741,32.977206792294844],[-117.14045291618905,32.978734792592206],[-117.13733591652706,32.98022479250279],[-117.13606991609727,32.98125379367477],[-117.13522391560954,32.98245679301959],[-117.13438391578146,32.98209579420093],[-117.13361091517402,32.982645793756475],[-117.13296091561833,32.982257794009726],[-117.130951914983,32.982495794329104],[-117.13098091349248,32.97637879352756],[-117.13181391514384,32.973256793033435],[-117.13180991477337,32.972244793121895],[-117.12920891307479,32.96840679231345],[-117.12839991346418,32.96542779192768],[-117.12666391298723,32.9632857926234],[-117.12627991246397,32.96042279178622],[-117.12670591252423,32.95886579232047],[-117.12923391317172,32.95675879133241],[-117.12990291312136,32.955441790574234],[-117.13035091283072,32.95146478947967],[-117.12976391318813,32.94891078944798],[-117.13013291276044,32.94396779057943],[-117.12887791157078,32.9400327894094]]]}},{"type":"Feature","properties":{"name":"POWAY"},"geometry":{"type":"Polygon","coordinates":[[[-117.11543190586013,32.893167784510375],[-117.10921290495371,32.89443978454569],[-117.1069999047178,32.89606278450093],[-117.0999199028526,32.89869078575526],[-117.09521490177852,32.90128378600306],[-117.08362390100666,32.90542078708283],[-117.07936790093667,32.906246787250275],[-117.07731289931824,32.9071837877225],[-117.07525490096779,32.90867478820666],[-117.07099390001797,32.91517478869587],[-117.06929989890553,32.916067789030286],[-117.06720289962226,32.91780178864699],[-117.06406489842378,32.91922778973644],[-117.06305689896514,32.920390791261006],[-117.06272489840435,32.92177179025183],[-117.05925089746314,32.92293479062316],[-117.05672289763724,32.92528579092117],[-117.05602589841988,32.92651579134319],[-117.05605389838829,32.928123792161685],[-117.05682189848817,32.92946079189558],[-117.05823389919645,32.930657791315554],[-117.05823589919358,32.93102979120925],[-117.05722389834777,32.93062479169217],[-117.05555289821642,32.92900579170173],[-117.05019589701608,32.92759779218986],[-117.04821989693316,32.927805791322804],[-117.0465188959096,32.927162791007156],[-117.04417689476026,32.92765879127633],[-117.03746889428741,32.92725779269956],[-117.03653289448701,32.927924792880354],[-117.03396589476118,32.92802579239731],[-117.03305289448554,32.929102793110026],[-117.02986389434817,32.930452793564726],[-117.02791489360719,32.930807792891606],[-117.02613989310436,32.931932792994914],[-117.01769889121636,32.93452979451066],[-117.01496389196971,32.93713779506699],[-117.01299089178627,32.93732379444441],[-117.01254389107379,32.93882679440611],[-117.01054089106572,32.94045579590424],[-117.0104898919822,32.94135979448408],[-117.00845489134072,32.94161179479391],[-117.0078398907426,32.94212979493426],[-117.00116389008076,32.944385796067316],[-117.00086988949306,32.94473379592476],[-116.99928988953904,32.944201796252564],[-116.99787489009898,32.94311179728689],[-116.9959358881454,32.942315796201385],[-116.99031188765404,32.9423807962946],[-116.98533188716223,32.94286879728921],[-116.981997125464,32.94262049094843],[-116.98079341987943,32.942106389341795],[-116.98032488650601,32.94262379784403],[-116.97851288614089,32.94278979743302],[-116.97776788650224,32.94328579741977],[-116.97431988575815,32.94363479796453],[-116.97187288410838,32.94476179728701],[-116.97062488494858,32.94436679777076],[-116.96852088514366,32.94466679767565],[-116.96744488407899,32.94576479943144],[-116.96670988329058,32.94605779876529],[-116.96584288318911,32.94522479809223],[-116.96550488364404,32.943791797999864],[-116.96277488351268,32.94315879815067],[-116.9615238815091,32.94157979785128],[-116.95984488228815,32.941548798599634],[-116.95589487999182,32.94008179848703],[-116.95620088316514,32.941654798404706],[-116.95724888242712,32.94279079902617],[-116.96121588236609,32.94482479865138],[-116.96251888392608,32.94592179773942],[-116.96752988537519,32.952582798789614],[-116.97219188666111,32.95985579979279],[-116.97247888601521,32.96243180006669],[-116.97015688612173,32.96938080156065],[-116.97012888585824,32.97056480083388],[-116.97161788617908,32.97309880061238],[-116.97528588816044,32.98543180237491],[-116.9762958885837,32.986753802383596],[-116.97878988950661,32.988506803280345],[-116.97936788958536,32.98974980276992],[-116.97921988898159,32.99126780292726],[-116.97840488928598,32.99284080370289],[-116.97520688970384,32.995113803038755],[-116.97159788786513,32.99621480436409],[-116.96782288851381,32.99693780377821],[-116.96545488765366,32.997812804404816],[-116.96106788697212,32.998459803776],[-116.95916088615036,32.99912180496215],[-116.95834488664264,33.00008280419205],[-116.95776888532274,33.00317280607121],[-116.95620188678275,33.00555880537051],[-116.9543478869743,33.01108880690577],[-116.95367588590005,33.01194080683271],[-116.95285988623198,33.012334806929246],[-116.95316488582532,33.013109807561904],[-116.95333388716489,33.01879180696844],[-116.95492688608857,33.022969808674794],[-116.95708288741265,33.02643280832811],[-116.95752088711198,33.0297848095683],[-116.95872788870349,33.033144808875484],[-116.96460789067844,33.03201780876579],[-116.9660108904917,33.0311028087954],[-116.96983789048583,33.02978380770165],[-116.97228489122872,33.03017980808455],[-116.97399889245182,33.03181180775265],[-116.97374389174715,33.03432180911336],[-116.97393789099901,33.03501380840469],[-116.9735738913146,33.036394808500006],[-116.97139289194862,33.03706580885982],[-116.9715288918159,33.0376868091657],[-116.97100189215473,33.03847880874223],[-116.97133289206137,33.03871180840862],[-116.97098689129592,33.03953180881796],[-116.97239489176928,33.04041080937873],[-116.97135389176904,33.04165780932365],[-116.97144789244582,33.042852809093624],[-116.9741368917046,33.044437809944284],[-116.9738218921205,33.04507080895808],[-116.97123289211945,33.04718881048301],[-116.97063589183676,33.04889280993753],[-116.97014489273288,33.05226581028322],[-116.97085189165273,33.05609181081869],[-116.97141889319991,33.05700681074378],[-116.97287689341033,33.05775781164351],[-116.9737108937369,33.05897981075818],[-116.97754989440175,33.0614128112205],[-116.97858589478965,33.06238481197763],[-116.9800378948595,33.062551811441345],[-116.98072189459083,33.06335781184594],[-116.98203289529354,33.06375281144241],[-116.9823358956488,33.065324812051045],[-116.9837138956463,33.066968811445165],[-116.99120089665351,33.06710481069054],[-116.99215989776704,33.067360811512124],[-116.99319189712114,33.067183810338676],[-116.99476689807426,33.06789881077397],[-116.99679889864085,33.068255810389644],[-116.99957089872086,33.06738481053448],[-117.00046389959236,33.066236811162135],[-117.0140659007044,33.06637981046226],[-117.0149009011754,33.065472809611684],[-117.01798890123686,33.06506580921416],[-117.02018590242241,33.063759809459505],[-117.02083390073676,33.06282480863566],[-117.02219290222679,33.063493809579676],[-117.02327690266274,33.06255581006795],[-117.0245019019831,33.06254580914273],[-117.02702690304959,33.06360080855077],[-117.02775390358092,33.06212080929798],[-117.03000190272336,33.06189680897176],[-117.03016090351159,33.05903080859955],[-117.0310569032502,33.05785180836334],[-117.03300290419685,33.05668580784211],[-117.03425090376352,33.05663480761799],[-117.03447790346058,33.055913807472656],[-117.0355429041581,33.05590680774879],[-117.03942290421973,33.05271580669603],[-117.04277390437207,33.052400806183726],[-117.04532690527203,33.05126780654715],[-117.04786690522492,33.051580807127266],[-117.0509692364462,33.051366373400285],[-117.05091576792542,33.05026619114319],[-117.05126937729445,33.0506380517669],[-117.05241249074446,33.0508419234769],[-117.05266234569241,33.05139824295053],[-117.05685881339471,33.052047089116336],[-117.05740023768065,33.052719682134985],[-117.05794172108416,33.0526886648169],[-117.05951570074615,33.0536931379872],[-117.06144890796205,33.05394280569306],[-117.0642499086136,33.05383980628319],[-117.06574990937145,33.05303180536844],[-117.06714090984923,33.05291380527478],[-117.06551790879404,33.049618805557174],[-117.06546290881103,33.04573080524072],[-117.06519390906637,33.04470380520589],[-117.0643469083048,33.04372580383126],[-117.06156090740379,33.04205080472066],[-117.06073390691236,33.04067580481119],[-117.0602619067333,33.03395880436045],[-117.05921390562997,33.02999280456634],[-117.06107890543673,33.02122780268334],[-117.06077390570263,33.01754080201336],[-117.05695390379869,33.01267980042943],[-117.05638190494005,33.01145280073515],[-117.05562690377405,33.01137180112201],[-117.05822390445857,33.00188880016971],[-117.05788490438367,32.99855879924597],[-117.05832757543419,32.98885307905073],[-117.0622866004564,32.98902481114766],[-117.06232208219822,32.98597869125736],[-117.06480586096784,32.98601145009515],[-117.06188390264931,32.983497797997195],[-117.06234890316007,32.98178979800061],[-117.06253390061079,32.95180879404532],[-117.06580690113213,32.95148479289564],[-117.06952190233564,32.9501187935122],[-117.0737689033611,32.949186793429476],[-117.07939690338648,32.94627979186011],[-117.08224990435457,32.94560279217336],[-117.09666490670544,32.947024791236814],[-117.09954090654689,32.94683579236939],[-117.10211290749552,32.94610579070285],[-117.1033419077861,32.9461507919149],[-117.10476390864403,32.946892791300975],[-117.10599990851478,32.94817379125023],[-117.10856690882792,32.94432379019098],[-117.10879990800348,32.944378790648344],[-117.11025690847963,32.94110578934843],[-117.11477390824679,32.92606478841218],[-117.115826906973,32.92083978774206],[-117.11669390825988,32.91329278779455],[-117.11666390660368,32.903438785169485],[-117.11643190501044,32.89657678517057],[-117.11543190586013,32.893167784510375]]]}},{"type":"Feature","properties":{"name":"MIRAMAR"},"geometry":{"type":"Polygon","coordinates":[[[-117.15438590834194,32.837199776791735],[-117.13895590627298,32.84020477655788],[-117.1288309050595,32.84150977710882],[-117.11381690070817,32.841778779023464],[-117.09675289808925,32.8411257783945],[-117.09427089830454,32.84130377958303],[-117.08439389744095,32.843499780005885],[-117.08146889649142,32.84450578055777],[-117.07860289578018,32.84611778088496],[-117.07074089447342,32.85212778239744],[-117.06697789469077,32.853845782474856],[-117.06429089421914,32.85442778207194],[-117.06177489457859,32.854571782237905],[-117.05340273960017,32.85346140822683],[-117.05371043418603,32.87459521939866],[-117.04978311832514,32.87456431319993],[-117.04947191400346,32.89113374329225],[-117.06539152180832,32.89119860801602],[-117.05965389681762,32.89509478797374],[-117.0574038964602,32.901588788147286],[-117.05738089619528,32.902081788110145],[-117.0624236319072,32.902166143303454],[-117.06244618162938,32.900320164181515],[-117.06673147728293,32.90041272527791],[-117.06668140385777,32.89852375570892],[-117.0752412742655,32.89837619891976],[-117.07523473501861,32.89663644749162],[-117.08410474760817,32.896510998648715],[-117.08417494481469,32.89467452584559],[-117.08630949345631,32.894704069675],[-117.08638336604217,32.8928785145472],[-117.08829601334186,32.892832966392646],[-117.08831469566442,32.891114618933194],[-117.09143523051952,32.89109059064963],[-117.0912386605843,32.88892075477261],[-117.09550033369284,32.88900430437794],[-117.09532470250767,32.886979919396495],[-117.10489046284263,32.88714602870877],[-117.10521613374551,32.89116683007154],[-117.10975401391529,32.891157135308646],[-117.1097807459314,32.89428279560523],[-117.11548490604098,32.89316778484118],[-117.11536290587843,32.89285578490838],[-117.11675321536256,32.89280873542387],[-117.1167569064586,32.893309784614914],[-117.11899990696885,32.89382778414162],[-117.1352839093207,32.89361478418779],[-117.13726390961936,32.892979783430846],[-117.16166391282634,32.879012779616644],[-117.16138757265861,32.8756427148672],[-117.17346328686574,32.87569490692658],[-117.17432291514639,32.87652377942683],[-117.17434191464247,32.878039779039035],[-117.17514691557766,32.87811877890135],[-117.18387891678074,32.87686977811691],[-117.1884389172545,32.876807778539494],[-117.1994729191879,32.87517277779608],[-117.19718491889026,32.87191377644009],[-117.18596391576678,32.86003377695522],[-117.17788991286386,32.84735177512798],[-117.17339391192787,32.846795775146866],[-117.17086191182163,32.84604977611528],[-117.1612569098581,32.83909177494417],[-117.15907790956233,32.83791377549068],[-117.156692909804,32.83732277604332],[-117.15438590834194,32.837199776791735]]]}},{"type":"Feature","properties":{"name":"ELLIOTT-NAVAJO"},"geometry":{"type":"Polygon","coordinates":[[[-117.04960488656413,32.777233774333865],[-117.05138888714139,32.77794077430121],[-117.0486778880908,32.77952977366668],[-117.04866488602423,32.7802257737514],[-117.04824488607971,32.780432773458145],[-117.04720788613484,32.780280774125416],[-117.04697088628856,32.77976377458278],[-117.0452488859596,32.78001977513494],[-117.04524988513721,32.77955777375373],[-117.04429788520937,32.78006277439291],[-117.04371488465289,32.77945877373075],[-117.04369588610119,32.77722077590877],[-117.04217288472842,32.77893677485492],[-117.03996188495874,32.779448774406994],[-117.04001488502992,32.78138177469136],[-117.03895888601406,32.78138177506696],[-117.03893888121937,32.78174677475362],[-117.03995816512553,32.781979903140225],[-117.03900276430878,32.78213005327487],[-117.0375338838556,32.783100774788856],[-117.03732288483552,32.78414377543587],[-117.03632988533911,32.78587177472778],[-117.03508888417879,32.786407775823264],[-117.03356488461071,32.7880467766467],[-117.03198175869161,32.788770352620766],[-117.03097910312732,32.79054101331744],[-117.03144764578704,32.790538050000315],[-117.03146638998452,32.79084402632347],[-117.03246588484696,32.79004377652198],[-117.0357978845623,32.78873277598635],[-117.0374998850797,32.78879177622264],[-117.03810188522098,32.789566775905904],[-117.03810188530275,32.790370775989956],[-117.03735688534759,32.79096777672858],[-117.03741088487432,32.791480776696254],[-117.0060218811548,32.791324779619536],[-117.00564488088604,32.80775178031894],[-117.0052898809699,32.80941777942093],[-117.0040868811888,32.811775780093306],[-117.03427888730137,32.83146778070949],[-117.03818488864017,32.83145078061793],[-117.03661688864405,32.832974781133075],[-117.03842588807534,32.834107780885226],[-117.037287888851,32.83552378098545],[-117.03669188820017,32.83844478159349],[-117.02678488676766,32.83702478175262],[-117.0244118860652,32.83919078212548],[-117.02366588635034,32.84043578315951],[-117.02347288686427,32.84487878323891],[-117.02395188681182,32.845811783011044],[-117.02098288641933,32.84799478331669],[-117.01902088595186,32.84884078430752],[-117.01893888691299,32.84982878417423],[-117.01711388575313,32.85060078389021],[-117.0156398856979,32.85027678406581],[-117.01502388500673,32.850471784156866],[-117.0140298846766,32.85112078467332],[-117.01324488635159,32.85279378469372],[-117.01196888526276,32.85306578507438],[-117.01196288461514,32.85338078480312],[-117.0115808858316,32.853231785868374],[-117.01114588434696,32.85559478516516],[-117.01273888485167,32.855590784501466],[-117.01377288525079,32.85744278529371],[-117.01376488677462,32.85821778536422],[-117.01265288641311,32.859338784976096],[-117.01270788560208,32.86101278554668],[-117.01300288646578,32.86166478547585],[-117.01423888599433,32.86134578542283],[-117.01529288761783,32.86280478542093],[-117.01368688672841,32.86283978602664],[-117.0125918854129,32.86325678564203],[-117.01201688644133,32.86305278656439],[-117.01173288525467,32.863532786005585],[-117.01231488600791,32.8637147860731],[-117.01321088635295,32.86473478649796],[-117.01235188580543,32.8652807870274],[-117.01173988604648,32.86498278667813],[-117.01076388665223,32.8670147863435],[-117.00935088571359,32.86644678697548],[-117.00320588557797,32.87725978833478],[-116.99980188452969,32.88123778872998],[-116.9968498847176,32.88566378907435],[-116.99335888512607,32.89262979032544],[-116.99306988448679,32.894856790852685],[-116.9877558842867,32.89869679100723],[-116.98430731600293,32.89932511677379],[-116.98430488528001,32.90490579301635],[-116.98928888507137,32.905009792239554],[-116.98965688648292,32.91952379372666],[-116.98938144833875,32.91955661968808],[-116.98951610435766,32.93403714090953],[-116.983653316742,32.93398426273332],[-116.98403788926402,32.935613748929796],[-116.98442838126945,32.936038212270375],[-116.9842552971091,32.93807374348613],[-116.98159859099565,32.94012322374214],[-116.98110384023003,32.94034336199404],[-116.9803364516891,32.93986787589179],[-116.98076525557151,32.94212126059889],[-116.981997125464,32.94262049094843],[-116.98533188716223,32.94286879728921],[-116.99031188765404,32.9423807962946],[-116.9959358881454,32.942315796201385],[-116.99787489009898,32.94311179728689],[-116.99928988953904,32.944201796252564],[-117.00086988949306,32.94473379592476],[-117.00116389008076,32.944385796067316],[-117.0078398907426,32.94212979493426],[-117.00845489134072,32.94161179479391],[-117.0104898919822,32.94135979448408],[-117.01054089106572,32.94045579590424],[-117.01254389107379,32.93882679440611],[-117.01299089178627,32.93732379444441],[-117.01496389196971,32.93713779506699],[-117.01769889121636,32.93452979451066],[-117.02613989310436,32.931932792994914],[-117.02791489360719,32.930807792891606],[-117.02986389434817,32.930452793564726],[-117.03305289448554,32.929102793110026],[-117.03396589476118,32.92802579239731],[-117.03653289448701,32.927924792880354],[-117.03746889428741,32.92725779269956],[-117.04417689476026,32.92765879127633],[-117.0465188959096,32.927162791007156],[-117.04821989693316,32.927805791322804],[-117.05019589701608,32.92759779218986],[-117.05555289821642,32.92900579170173],[-117.05722389834777,32.93062479169217],[-117.05823589919358,32.93102979120925],[-117.05823389919645,32.930657791315554],[-117.05682189848817,32.92946079189558],[-117.05605389838829,32.928123792161685],[-117.05602589841988,32.92651579134319],[-117.05672289763724,32.92528579092117],[-117.05925089746314,32.92293479062316],[-117.06272489840435,32.92177179025183],[-117.06305689896514,32.920390791261006],[-117.06406489842378,32.91922778973644],[-117.06720289962226,32.91780178864699],[-117.06929989890553,32.916067789030286],[-117.07099390001797,32.91517478869587],[-117.07551989964978,32.9084257877767],[-117.07909490117294,32.90633778675612],[-117.08347190033508,32.90546878752769],[-117.09521490177852,32.90128378600306],[-117.0999199028526,32.89869078575526],[-117.1069999047178,32.89606278450093],[-117.1097807459314,32.89428279560523],[-117.10975401391529,32.891157135308646],[-117.10521613374551,32.89116683007154],[-117.10489046284263,32.88714602870877],[-117.09532470250767,32.886979919396495],[-117.09550033369284,32.88900430437794],[-117.0912386605843,32.88892075477261],[-117.09143523051952,32.89109059064963],[-117.08831469566442,32.891114618933194],[-117.08829601334186,32.892832966392646],[-117.08638336604217,32.8928785145472],[-117.08630949345631,32.894704069675],[-117.08417494481469,32.89467452584559],[-117.08410474760817,32.896510998648715],[-117.07523473501861,32.89663644749162],[-117.0752412742655,32.89837619891976],[-117.06668140385777,32.89852375570892],[-117.06673147728293,32.90041272527791],[-117.06244618162938,32.900320164181515],[-117.0624236319072,32.902166143303454],[-117.05738089619528,32.902081788110145],[-117.05757489581067,32.90082278842747],[-117.05960189618405,32.89516378683409],[-117.06539152180832,32.89119860801602],[-117.04947191400346,32.89113374329225],[-117.04978311832514,32.87456431319993],[-117.05371043418603,32.87459521939866],[-117.05340273960017,32.85346140822683],[-117.06177489457859,32.854571782237905],[-117.06429089421914,32.85442778207194],[-117.06697789469077,32.853845782474856],[-117.07074089447342,32.85212778239744],[-117.07860289578018,32.84611778088496],[-117.08146889649142,32.84450578055777],[-117.08439389744095,32.843499780005885],[-117.09410489837646,32.841332779611704],[-117.0966298997515,32.84112377835182],[-117.11381690070817,32.841778779023464],[-117.12093790287464,32.84165177806329],[-117.12120790338486,32.839914777512334],[-117.1210429028675,32.83810677721623],[-117.11901590248503,32.83294477728522],[-117.11532990046301,32.81646477590632],[-117.1124568981024,32.7980257733271],[-117.11234089804049,32.79343577294242],[-117.11422189860251,32.7877847714924],[-117.1145698983715,32.78547877113826],[-117.1125198972289,32.778523770184805],[-117.10444389493163,32.77869977074013],[-117.0929628942593,32.78034477275254],[-117.08600889279329,32.78061977265534],[-117.07450389009045,32.77920077358795],[-117.06371888869955,32.77945477383777],[-117.05836388840399,32.77804077334194],[-117.05168688603365,32.77676677349854],[-117.04882588620151,32.775743773363374],[-117.04866488604445,32.777339773020756],[-117.04960488656413,32.777233774333865]]]}},{"type":"Feature","properties":{"name":"SWEETWATER"},"geometry":{"type":"Polygon","coordinates":[[[-116.98001186097042,32.58674675425601],[-116.97429586049692,32.58712175545168],[-116.97209386018608,32.58831575504153],[-116.96969085987148,32.588101755436895],[-116.9674498587383,32.58875675595411],[-116.96616785901712,32.589929756115424],[-116.96571786071273,32.5927887554423],[-116.96284639074723,32.593479463068796],[-116.9607805465485,32.594358452347485],[-116.96013959005812,32.59278954430632],[-116.95514742266269,32.59364936203523],[-116.95193461678628,32.594916614366895],[-116.95384710941154,32.599598838440194],[-116.94570974399348,32.601891427295364],[-116.94270242191934,32.5945316453474],[-116.92890385502963,32.598549757662994],[-116.93005985337565,32.60135875919492],[-116.92779366857815,32.60174769095039],[-116.92779597584159,32.60445847232954],[-116.92683810837408,32.60446002641273],[-116.92684754922159,32.608227784115165],[-116.92779565632907,32.60823353880657],[-116.92779531854248,32.61194996499457],[-116.92685889548753,32.61195075283128],[-116.92764885333729,32.61398676062388],[-116.92773885382127,32.615489760411954],[-116.92709785394726,32.61965076088775],[-116.9274158543173,32.621307761346195],[-116.92723185425773,32.62296376166726],[-116.92653185496118,32.625060761814964],[-116.92669685523326,32.62794376206337],[-116.92870985496764,32.632896763664924],[-116.92981285647087,32.63634076354934],[-116.93031085565919,32.63908876341555],[-116.92971885661885,32.646783765012955],[-116.93166985656654,32.64939276450706],[-116.93340685606587,32.65088176373827],[-116.93424085761932,32.65245576535199],[-116.93460085780205,32.6555937657443],[-116.93501785962653,32.6559867660667],[-116.93682482631921,32.656032091861185],[-116.93678585119436,32.65632829439395],[-116.9383486984257,32.657655136672865],[-116.9379084742376,32.65742386883035],[-116.93754803250565,32.65766819973281],[-116.93797985820953,32.658613765517366],[-116.93992885874646,32.658697765706435],[-116.94155985910538,32.659911764528026],[-116.94672585936917,32.6622157648796],[-116.9490008604898,32.662251764644516],[-116.95300286092217,32.661158763681044],[-116.95688086157794,32.661721764973215],[-116.96288286261263,32.661537763846276],[-116.96698486429959,32.66243876441426],[-116.96697186432044,32.66737476523568],[-116.96323586312607,32.667347765504125],[-116.96263291028579,32.668020552316115],[-116.96240086429408,32.67632476581032],[-116.96061186339108,32.67633976696648],[-116.96063986394483,32.678081766873945],[-116.9583968633422,32.678123766586914],[-116.95814132497728,32.68545114383652],[-116.95548206074231,32.6854808345758],[-116.95446286342288,32.687327768785025],[-116.95383786394234,32.6897817682278],[-116.95527886350938,32.691022768367034],[-116.95607186366706,32.692215768409085],[-116.9596698655011,32.69485776826055],[-116.96186986607611,32.6971577693404],[-116.96243110628444,32.69944723862908],[-116.96286871379063,32.699458257481595],[-116.9627448651176,32.70458077190811],[-116.96373086633153,32.703509769488726],[-116.96482086668904,32.70566077019638],[-116.96943286759169,32.708411769278385],[-116.97148486875115,32.70928476994277],[-116.97865086855667,32.70793476910178],[-116.9812748695406,32.70493376881079],[-116.98359186938154,32.70132176803425],[-116.98875986984929,32.69654676817063],[-117.00777287251135,32.69093176564369],[-117.00814887262806,32.691031765365636],[-117.00794687218246,32.6917467660667],[-117.00839487286767,32.692148765486465],[-117.00812487357113,32.692197766234244],[-117.00905387276036,32.692823766404985],[-117.00908687396497,32.69328376622215],[-117.00870187396553,32.69430176632529],[-117.00670187249428,32.69497676557763],[-117.00581087285227,32.69852776702116],[-117.0050578726974,32.69945576671334],[-117.00629787316318,32.701073767204],[-117.00811387336077,32.701155767369606],[-117.00885387416501,32.701568766943],[-117.01024087384712,32.700672766373195],[-117.01137287446613,32.701382766451445],[-117.01216187421497,32.69897276577142],[-117.01408687424127,32.695360766114746],[-117.01554287447264,32.693265764696925],[-117.0171278744552,32.691672765966445],[-117.01584287395981,32.68690176447347],[-117.01391387281427,32.682864763383904],[-117.01442187376712,32.681161764456206],[-117.01768887330934,32.67803776439792],[-117.01625687545912,32.674432768557544],[-117.01814487358368,32.6737347628014],[-117.0221778730215,32.670346762269006],[-117.02285787403082,32.669251762712605],[-117.02312687424211,32.666947761949935],[-117.0235238724783,32.666035761468535],[-117.02807587430857,32.662694761793794],[-117.03316787490111,32.6606577608946],[-117.03640587634841,32.660557760042465],[-117.04073387608187,32.658081759908036],[-117.04552687724457,32.66098575936324],[-117.04677687776594,32.6612247604282],[-117.04891687706773,32.660952760092684],[-117.04911487733835,32.66299976082236],[-117.05071087722594,32.66363276048708],[-117.05156987784173,32.66438476052013],[-117.05721987994716,32.66315476040204],[-117.05741185653282,32.66412865212657],[-117.06439987973289,32.66281375954284],[-117.07118788190134,32.65930875808649],[-117.0743778815506,32.65849075779108],[-117.06784788148038,32.65153175725306],[-117.06096087983855,32.64803375894136],[-117.06145188016164,32.64802475782868],[-117.05922587877888,32.64601075750479],[-117.05562287741337,32.640462757967505],[-117.05458187652484,32.6395247570275],[-117.04884487512601,32.63593175716233],[-117.04651087585253,32.63367575656255],[-117.04539287480118,32.63200175726823],[-117.04255187495666,32.62607375663056],[-117.03787587263457,32.61408275404714],[-117.03685087236417,32.61062975472733],[-117.03648387156008,32.6077037543841],[-117.03646487049421,32.594860752891684],[-117.03615987071602,32.59486075260531],[-117.03614787137127,32.59115975324511],[-117.03232121127505,32.591225916422054],[-117.03232080087403,32.592483036927845],[-117.02709498315623,32.593772804332474],[-117.02657198215668,32.59331287520541],[-117.02476856866605,32.59333899616422],[-117.02024370010444,32.5924749066339],[-117.01897380369107,32.59271898694006],[-117.01847339651877,32.593635618505715],[-117.01611686739912,32.593241753526044],[-117.01102286566153,32.59389475448123],[-117.00547386538304,32.5932317545967],[-117.00450101107127,32.59052077579762],[-117.00310686459521,32.590900754020055],[-117.00241486500367,32.59041075345842],[-117.00099986475563,32.59063475407462],[-116.99840186442869,32.58939975411499],[-116.99463386068952,32.588136754848925],[-116.98816386286778,32.587622754828516],[-116.98581886288152,32.58771675332323],[-116.98599386071113,32.587408755861],[-116.98344786041179,32.58773975468467],[-116.98181386046008,32.58693175444617],[-116.98001186097042,32.58674675425601]]]}},{"type":"Feature","properties":{"name":"CHULA VISTA"},"geometry":{"type":"Polygon","coordinates":[[[-117.05381587300012,32.58795074994229],[-117.04597287224921,32.58741575156894],[-117.04507487220896,32.58789975148603],[-117.0424758710782,32.58847775143437],[-117.03667087095107,32.59045975302708],[-117.0361498713262,32.59090675213396],[-117.03615987071602,32.59486075260531],[-117.03646487049421,32.594860752891684],[-117.03648387156008,32.6077037543841],[-117.03718687291124,32.612088755152065],[-117.04255187495666,32.62607375663056],[-117.04576587471965,32.63262575727315],[-117.04884487512601,32.63593175716233],[-117.05458187652484,32.6395247570275],[-117.05562287741337,32.640462757967505],[-117.05922587877888,32.64601075750479],[-117.06145188016164,32.64802475782868],[-117.06096087983855,32.64803375894136],[-117.06784788148038,32.65153175725306],[-117.07281323349306,32.65669336969384],[-117.07583506783162,32.65617403871495],[-117.07784614599585,32.65648453633007],[-117.07969839137074,32.65746096925832],[-117.08014802940343,32.65741866433487],[-117.08024952409652,32.65776632107341],[-117.08101935364343,32.658143604497596],[-117.08284910041165,32.65849137000115],[-117.0845028842325,32.66102775770693],[-117.0872578847982,32.66028076027049],[-117.0865884867177,32.65856482837575],[-117.0906648821833,32.65741275840944],[-117.0887954900929,32.652600711819545],[-117.09288396719153,32.65146071058205],[-117.09474958860034,32.65628946521749],[-117.09681780426854,32.65571182866798],[-117.09647731726822,32.65482178072743],[-117.09852624860368,32.654245663217296],[-117.09619788457798,32.64825875629044],[-117.10278988666656,32.64638775568737],[-117.10419388643744,32.650583756957055],[-117.10504788659267,32.65057575637162],[-117.12281278765145,32.645667695125],[-117.12216070069323,32.63302355996484],[-117.11794453904633,32.607522323342245],[-117.10154631835894,32.612122657629335],[-117.1034738837128,32.60835875059524],[-117.10667388383682,32.60495875009101],[-117.10852996091366,32.60382189948335],[-117.10415356328427,32.602330532233744],[-117.1023598834841,32.60392475054426],[-117.1006358827292,32.604168751334505],[-117.09845688233378,32.60522375135374],[-117.09013388190273,32.60438275185777],[-117.08807087982882,32.58950575027691],[-117.08740087886483,32.589465748918464],[-117.08670488026104,32.59003774863465],[-117.08512087924468,32.589735749412576],[-117.07999587822728,32.59082574943961],[-117.07927487843136,32.59125975027575],[-117.07500487801732,32.5917887502144],[-117.07357987696119,32.591162750824765],[-117.07119987757775,32.59074075010875],[-117.06401387574542,32.59038375108088],[-117.06249187433977,32.590500750905456],[-117.06244188904203,32.5910861043248],[-117.05813502630639,32.59106463534322],[-117.05814149251036,32.589220808933504],[-117.0537685168848,32.589269967117026],[-117.05381587300012,32.58795074994229]]]}},{"type":"Feature","properties":{"name":"SOUTH BAY"},"geometry":{"type":"Polygon","coordinates":[[[-117.12485551260427,32.53606215823572],[-116.98953564985817,32.547696627247504],[-116.85417697506308,32.559166722439066],[-116.85434683629578,32.5605107575389],[-116.85496383739981,32.561500758766435],[-116.85647083775102,32.56261675888238],[-116.85690683718589,32.56371675775057],[-116.85824483797865,32.564848758083706],[-116.85936883849976,32.565145758974765],[-116.85957183845171,32.56800475865507],[-116.8604038379127,32.56935175807889],[-116.8606768379962,32.570847757864364],[-116.86130783863004,32.571710758577616],[-116.86520384225825,32.57221875748197],[-116.86568483980822,32.571493758095954],[-116.86649683843667,32.571263758162615],[-116.86726883964505,32.571879758824714],[-116.87015284029226,32.572028757674474],[-116.8709648408118,32.571115758506394],[-116.87123584036995,32.57037775787883],[-116.87105983989818,32.569476758126235],[-116.8713098408325,32.56928775702842],[-116.87214284063398,32.57037775922827],[-116.87258984048691,32.57047875794641],[-116.87429584170025,32.569821758012395],[-116.87664084158784,32.57098975780589],[-116.87753784171386,32.57201575820004],[-116.8773248421765,32.5723677574051],[-116.87644784097746,32.57243475810954],[-116.8775448424589,32.573497758316115],[-116.8769458424851,32.57412075855679],[-116.87701984262381,32.5744797585815],[-116.87878684180852,32.574618758183085],[-116.87834684162368,32.5752747584718],[-116.87897684286322,32.57586375862423],[-116.88059084357369,32.57574875772885],[-116.88197584274809,32.575014758662306],[-116.88278584326594,32.57512675807018],[-116.88587784431431,32.574574758051654],[-116.88936784427048,32.57514275712507],[-116.8907828446615,32.57450675773607],[-116.8919698444746,32.57443375740693],[-116.8928328449606,32.57461975751927],[-116.89297084478325,32.57499275748166],[-116.89370884516944,32.575332756570795],[-116.89413284536073,32.576166757873054],[-116.89373984587284,32.577157757960734],[-116.89437884559312,32.57855475773451],[-116.89570884643426,32.57864175799347],[-116.89743584605982,32.57954375824867],[-116.90182584685277,32.58021575765656],[-116.90370084764719,32.58120675739123],[-116.90787584816954,32.58182475824735],[-116.90771884747214,32.57979175813062],[-116.90831684779953,32.5786497560866],[-116.90963284858552,32.579373757369325],[-116.90882884807831,32.57985575769616],[-116.90883984774247,32.580242758207966],[-116.91034684775951,32.58080175785582],[-116.91060084856576,32.58127275762553],[-116.91041684862549,32.58226175748179],[-116.92387285101388,32.58212875697518],[-116.92886085196854,32.58642675806367],[-116.93125585285475,32.58929975760708],[-116.93260585338281,32.59032175774514],[-116.93597185429162,32.59433775771724],[-116.93643085324456,32.596362757474225],[-116.94270242191934,32.5945316453474],[-116.94570974399348,32.601891427295364],[-116.95384710941154,32.599598838440194],[-116.95193461678628,32.594916614366895],[-116.95514742266269,32.59364936203523],[-116.95912181834593,32.59290546596385],[-116.96013959005812,32.59278954430632],[-116.9607805465485,32.594358452347485],[-116.96284639074723,32.593479463068796],[-116.96571786071273,32.5927887554423],[-116.96616785901712,32.589929756115424],[-116.96726785864789,32.58884975552931],[-116.96969085987148,32.588101755436895],[-116.97209386018608,32.58831575504153],[-116.97381485972532,32.587280755652934],[-116.97559486004154,32.5869337547931],[-116.9805998610878,32.586746754556025],[-116.98181386046008,32.58693175444617],[-116.98344786041179,32.58773975468467],[-116.98599386071113,32.587408755861],[-116.98581886288152,32.58771675332323],[-116.98816386286778,32.587622754828516],[-116.99463386068952,32.588136754848925],[-116.99840186442869,32.58939975411499],[-117.00099986475563,32.59063475407462],[-117.00241486500367,32.59041075345842],[-117.00310686459521,32.590900754020055],[-117.00450101107127,32.59052077579762],[-117.00547386538304,32.5932317545967],[-117.01134686735658,32.59390775356659],[-117.01611686739912,32.593241753526044],[-117.01847339651877,32.593635618505715],[-117.01897380369107,32.59271898694006],[-117.02024370010444,32.5924749066339],[-117.02476856866605,32.59333899616422],[-117.02657198215668,32.59331287520541],[-117.02710850665365,32.59377108445174],[-117.03232080087403,32.592483036927845],[-117.03232121127505,32.591225916422054],[-117.03612337084874,32.59118113543476],[-117.03667087095107,32.59045975302708],[-117.04597287224921,32.58741575156894],[-117.05381587300012,32.58795074994229],[-117.0537685168848,32.589269967117026],[-117.05814149251036,32.589220808933504],[-117.05813502630639,32.59106463534322],[-117.06244188904203,32.5910861043248],[-117.06249187433977,32.590500750905456],[-117.06401387574542,32.59038375108088],[-117.07119987757775,32.59074075010875],[-117.07357987696119,32.591162750824765],[-117.07500487801732,32.5917887502144],[-117.07927487843136,32.59125975027575],[-117.07999587822728,32.59082574943961],[-117.08512087924468,32.589735749412576],[-117.08670488026104,32.59003774863465],[-117.08767987988816,32.58947174895955],[-117.08807087982882,32.58950575027691],[-117.09013388190273,32.60438275185777],[-117.09845688233378,32.60522375135374],[-117.1006358827292,32.604168751334505],[-117.1023598834841,32.60392475054426],[-117.10415356328427,32.602330532233744],[-117.10852996091366,32.60382189948335],[-117.10667388383682,32.60495875009101],[-117.1034738837128,32.60835875059524],[-117.10154631835894,32.612122657629335],[-117.11980788577083,32.606987749820604],[-117.11961121075669,32.60570737199811],[-117.11671875574227,32.6060501115469],[-117.11500043102725,32.593801084803005],[-117.11827088609695,32.591500747198296],[-117.11700388389609,32.59141974856109],[-117.11705788460809,32.5911887485976],[-117.118593883869,32.59126574795455],[-117.11893088455842,32.59102774878278],[-117.11945988473646,32.58835774823018],[-117.12039888576808,32.5872877468349],[-117.12147188461996,32.587114747845206],[-117.12221088539553,32.58883874847232],[-117.1317008863221,32.58559674705821],[-117.13274805759946,32.5856743514753],[-117.13287999711974,32.58398124253527],[-117.13368946864699,32.58394759228279],[-117.13288318552442,32.58392547398471],[-117.13309565817354,32.57956489386091],[-117.13739195204465,32.57954422763333],[-117.1330942133046,32.579506498406175],[-117.13273488528688,32.575397745036916],[-117.13314988802126,32.56658374424014],[-117.1309728850924,32.55787274359796],[-117.12856120311065,32.55389666921445],[-117.1262159567347,32.54750049938982],[-117.12551610971997,32.544590972730944],[-117.12485551260427,32.53606215823572]]]}},{"type":"Feature","properties":{"name":"JAMUL"},"geometry":{"type":"Polygon","coordinates":[[[-116.85417697506308,32.559166722439066],[-116.75920318555525,32.56711459730727],[-116.75997891090316,32.56863653578181],[-116.75951183018857,32.570938899823624],[-116.7569078195822,32.57357776575248],[-116.74594982014638,32.57739576484051],[-116.74458181923347,32.57837176482698],[-116.74418781777189,32.57971976614079],[-116.74397881757928,32.582634765973516],[-116.74426981857798,32.58346876641259],[-116.74719281798231,32.58614076460421],[-116.7473088179811,32.58680576704392],[-116.74689081915581,32.58751976678337],[-116.74576882047515,32.588036767103816],[-116.74074155507301,32.58792068220477],[-116.73712634806334,32.588748567165176],[-116.73407765478574,32.58988469270771],[-116.73037165743428,32.59075945961467],[-116.72849591514233,32.592096997574],[-116.72420042017293,32.59386160790515],[-116.72331279629164,32.594832466909246],[-116.72144473802186,32.59946797523027],[-116.71989308131556,32.600751921682736],[-116.71645341868998,32.604827164846135],[-116.71561662918235,32.608084464477706],[-116.71426404108341,32.609601202780595],[-116.71042804681117,32.610962327521044],[-116.70945996163692,32.61099726925578],[-116.70407648539317,32.60877617110368],[-116.70130494968215,32.608448299878674],[-116.70007433535115,32.608640142221326],[-116.69747189311025,32.60561491681371],[-116.69598881323626,32.60594877387304],[-116.69535281296037,32.60712577140078],[-116.69592281188754,32.607616770886004],[-116.69589581309285,32.60809777107761],[-116.69746581216097,32.60946677316766],[-116.69890781226377,32.60968177183944],[-116.69855781257644,32.61036377372026],[-116.69934981352257,32.612199771574694],[-116.69932481416163,32.61371277334908],[-116.69796681219147,32.616164772176106],[-116.69619281363686,32.61753977282153],[-116.69415281301217,32.61822177253607],[-116.69215181310977,32.61971777420583],[-116.69113181273936,32.62175277374577],[-116.68925981107947,32.623539776371025],[-116.68625181244201,32.624798774815616],[-116.68636281165814,32.625762774217186],[-116.68589981354896,32.62667877474393],[-116.68558281082784,32.62867177432521],[-116.68574481143403,32.629655775790724],[-116.68754481290199,32.63154777440149],[-116.68790281225246,32.63274677585424],[-116.68761081433793,32.63315877343476],[-116.68668081288425,32.63340677593912],[-116.68492581324486,32.63287277501599],[-116.6834378119712,32.6330817755634],[-116.68276181285489,32.63401077695106],[-116.68270381018213,32.635820773888014],[-116.68308081303006,32.636513776051224],[-116.68397781231381,32.63716177435842],[-116.6869928124785,32.637904776090494],[-116.68721381314685,32.63839977522438],[-116.68701881268132,32.639565774465176],[-116.6863558126687,32.64130277661227],[-116.68439281465645,32.64174877868511],[-116.68240380994513,32.641357776623785],[-116.68150081248183,32.64173177523569],[-116.68119581107685,32.642221776805656],[-116.68043481190905,32.64801677757862],[-116.67836081117507,32.65366477744404],[-116.67869181308143,32.654577778365585],[-116.68062181455065,32.65683177980836],[-116.68052481111465,32.65912577806216],[-116.67959481353529,32.660648779441374],[-116.67940581174769,32.661879780033416],[-116.67638981400515,32.66476677803582],[-116.67512081154614,32.66888578041591],[-116.67313081027038,32.67165677872765],[-116.67175181181928,32.67729878115414],[-116.6718358129126,32.678024780146345],[-116.67095881470752,32.67884378082498],[-116.66976381269757,32.67886178159395],[-116.66927081369688,32.681132781897745],[-116.66944681257948,32.68233978289657],[-116.67231681615556,32.69011578251955],[-116.672523812891,32.6932347839065],[-116.67315181372994,32.694304781340456],[-116.67575181380572,32.69652678334356],[-116.67678481452829,32.69851478313106],[-116.67659181561905,32.69931678373596],[-116.67376981558567,32.70114778326407],[-116.67310481496645,32.7023797831277],[-116.67308681599988,32.70494878414956],[-116.67209281414566,32.711477786691944],[-116.67348781647998,32.714686784013594],[-116.67299281142773,32.714645786114176],[-116.67326181679088,32.715016786476845],[-116.6761488168069,32.716545786362985],[-116.67692281701494,32.71766178554773],[-116.67952381709372,32.71851978668342],[-116.67827881672879,32.71943478633905],[-116.67858081596131,32.719950786109905],[-116.67761981516091,32.72155778602154],[-116.67859281362293,32.72356278833159],[-116.67922981659838,32.7241117883792],[-116.68076581676883,32.72406078694489],[-116.68137481800122,32.72436878709827],[-116.68242281828263,32.72747578717732],[-116.68228181767252,32.72865078565017],[-116.67893481735578,32.73229878838904],[-116.67925282001283,32.7330647891957],[-116.6787668185671,32.73462178820968],[-116.67721081741375,32.73793079020462],[-116.67386083153114,32.74321877461414],[-116.67289881812263,32.743349789467956],[-116.67203881986937,32.74403779068593],[-116.67099081716373,32.744203790060766],[-116.66993181689654,32.7439347895178],[-116.67028581944315,32.74460078831793],[-116.67016381621826,32.74514978898651],[-116.66911081641277,32.745705788989675],[-116.66879781700464,32.746492788378745],[-116.66941781819915,32.7471727886469],[-116.66846681657259,32.74790178837493],[-116.66817881686295,32.74862478929014],[-116.66846381867096,32.74930379071621],[-116.66952281697617,32.74960978954405],[-116.67098181775692,32.75057979159522],[-116.6711088190195,32.75229079107666],[-116.67245681910003,32.752616789687075],[-116.67341981890006,32.75348478993768],[-116.674627820683,32.75393079065925],[-116.67577782064521,32.75576379088579],[-116.67559881831063,32.7578577928482],[-116.67401681833522,32.759496790109374],[-116.67421382056213,32.76227778960921],[-116.67522879842947,32.764492801036944],[-116.67657181793861,32.764161791155566],[-116.67990082234564,32.764724791646586],[-116.68378082055006,32.76434279216758],[-116.68868982207735,32.76476879195743],[-116.69392082196819,32.76678979158788],[-116.69636182437411,32.768986791751864],[-116.69899882625424,32.77034579091269],[-116.70134982334106,32.77093279107789],[-116.70512682450955,32.771173790218974],[-116.70858882812279,32.7747717919484],[-116.71152394849236,32.776393901507376],[-116.70829882599347,32.77591979025668],[-116.70825882711414,32.776440789719956],[-116.70963782886278,32.77751079148107],[-116.70959882600593,32.77818679132275],[-116.70900682678143,32.778736791415554],[-116.70881782762122,32.78008979195214],[-116.70977482934197,32.781386792429416],[-116.70999682553638,32.782789794300946],[-116.70889082759507,32.78377379247891],[-116.70828582782727,32.78523079220551],[-116.70870282705853,32.786611793176206],[-116.70843582701934,32.78724379169109],[-116.70904182672838,32.78878879188091],[-116.71140482672415,32.78979479445206],[-116.71228383046432,32.78972879118887],[-116.71368382749064,32.79022879118246],[-116.71487482831165,32.79011879136777],[-116.71781783109434,32.791283790883526],[-116.71872282717757,32.791200793361554],[-116.71956983059981,32.79240479417338],[-116.72236982945184,32.79384479319825],[-116.7258328273465,32.7938717912295],[-116.72918683020744,32.79522879283899],[-116.73059983268277,32.795184793167834],[-116.73182982907248,32.79561279337269],[-116.7343038337934,32.79475479122059],[-116.73555983211575,32.79330179067372],[-116.73605482870829,32.79382479339318],[-116.73938783217817,32.794147792101285],[-116.74257483279689,32.79550479246422],[-116.74513383277204,32.79561079232273],[-116.74775983491662,32.79345379078932],[-116.75021983527212,32.79301679065438],[-116.75086783683987,32.79177879256701],[-116.75621683513502,32.79379479134977],[-116.75739183757902,32.793905789529795],[-116.7591248377143,32.79481379339116],[-116.76000883557069,32.79487378994622],[-116.7644408388338,32.786959790096624],[-116.76534683736631,32.78622978901151],[-116.77316683943305,32.78734679034522],[-116.77449384080718,32.78654378796283],[-116.77531283769078,32.785473789931864],[-116.77799983721066,32.785732788563756],[-116.78058484068117,32.78652278859304],[-116.78356084195063,32.786612787676056],[-116.78867484179777,32.785273788795465],[-116.79042084349724,32.78515978900658],[-116.79279584092437,32.78430478790222],[-116.79391584147301,32.78317178725605],[-116.79399284041503,32.78270478816045],[-116.79101771470309,32.77867232527098],[-116.7926539954555,32.77717491862101],[-116.79333700534112,32.7745467710777],[-116.79416852491106,32.773421330144906],[-116.79520084173707,32.773455785460115],[-116.7963728417873,32.77296878618273],[-116.79829284168562,32.77272078783096],[-116.79884684054755,32.772017785804785],[-116.80003084185054,32.77192978652553],[-116.8033248429087,32.77302378717924],[-116.80323284302399,32.77422278494935],[-116.80659184461865,32.77448678462644],[-116.80688484280236,32.77427278567399],[-116.8069048426056,32.772798786034755],[-116.80735984245392,32.77238678626617],[-116.80953384152204,32.77254078729099],[-116.81110584471917,32.77151778646618],[-116.81066284535129,32.771285785957225],[-116.81090784244762,32.77104078534702],[-116.81189784188874,32.7706037861345],[-116.81216584437149,32.771008786915395],[-116.8159128456185,32.7702587833658],[-116.81899184424591,32.77179778522846],[-116.82376410770466,32.77215880617191],[-116.8237682473968,32.77255157964449],[-116.8285358490967,32.77246378549353],[-116.83200284710706,32.76995978433722],[-116.83124684799803,32.76764978549484],[-116.83258084734788,32.76580778263466],[-116.83382384867454,32.76518578425489],[-116.83498284713416,32.76505378496949],[-116.8404498495473,32.76558678394511],[-116.84097284746376,32.76539278398332],[-116.84047884920277,32.76525178413207],[-116.84140885003335,32.76448678292579],[-116.84302084469964,32.76360978169286],[-116.84457684500586,32.763457783454264],[-116.8478348472604,32.76384678294181],[-116.85004784998297,32.76581778253772],[-116.84907285028157,32.76646778331138],[-116.84747084514247,32.7684017843928],[-116.84713485112529,32.77225678306125],[-116.84739284733882,32.77322778543273],[-116.84786584655153,32.77370678539718],[-116.84983585134522,32.773829784649564],[-116.85085084623223,32.77423078380906],[-116.85135784776968,32.77493178467042],[-116.85240184929759,32.78141378369651],[-116.85450685050866,32.781920785355176],[-116.85676385238015,32.7820197834801],[-116.85870484912151,32.781576782896344],[-116.86143684838832,32.78042378443351],[-116.86530585370303,32.780230784130275],[-116.86774085110541,32.779120784536104],[-116.86934284992138,32.77915978410755],[-116.87326685602494,32.780655782836526],[-116.87703685752939,32.78291878304799],[-116.88315985757276,32.785588784494784],[-116.88550485946247,32.786898783351845],[-116.887381858593,32.7883917836326],[-116.88820085754561,32.78849478307196],[-116.88826685967476,32.786590784550526],[-116.88944185753648,32.7844107835039],[-116.88961585934489,32.783241784236466],[-116.88777285741192,32.780610783358],[-116.88810085748693,32.776919780509395],[-116.8865378579619,32.77265178100914],[-116.88572085738437,32.771711782075215],[-116.88313485525241,32.77035578077409],[-116.88252385609553,32.76961378065606],[-116.8824828550947,32.76895478214917],[-116.88338785656684,32.76657178049766],[-116.88845485683761,32.76443978068064],[-116.89069385629648,32.762227781434206],[-116.89436285869596,32.76075277969625],[-116.89792385849347,32.759858780700604],[-116.90312185929758,32.75732377895615],[-116.90471985916068,32.75494677889919],[-116.91221685895944,32.74767077662971],[-116.91463285940964,32.74637477679714],[-116.9169718602394,32.74558877764655],[-116.91926186013069,32.74394077564599],[-116.92188185967412,32.74300577718217],[-116.92351386086222,32.74282377648476],[-116.92664686406762,32.74331077435056],[-116.92868486117769,32.74419377504263],[-116.92932786191356,32.7448197765039],[-116.93526486326623,32.742709775738355],[-116.94096586657555,32.739801774721165],[-116.94282186396845,32.7395527738528],[-116.9410998643774,32.736573774605525],[-116.94060286324128,32.73337977439329],[-116.94367786070038,32.731286773945556],[-116.94477686407156,32.729845773302365],[-116.94671586416945,32.723813772871],[-116.94793086510478,32.7212017729891],[-116.95009886476305,32.72005377197767],[-116.95151586507674,32.71834477173332],[-116.95163186473518,32.71727077198164],[-116.95723886487222,32.71299877020706],[-116.9578188655409,32.70862677033349],[-116.95877286592736,32.70550077055009],[-116.96001586506075,32.70452377012545],[-116.96134486566551,32.704280768808346],[-116.9627418652471,32.70472876771055],[-116.96286871379063,32.699458257481595],[-116.96243110628444,32.69944723862908],[-116.96186986607611,32.6971577693404],[-116.9596698655011,32.69485776826055],[-116.95607186366706,32.692215768409085],[-116.9551318628114,32.690876768571634],[-116.95401886358495,32.69018676835946],[-116.9538398636215,32.68967176784707],[-116.95446286342288,32.687327768785025],[-116.95548206074231,32.6854808345758],[-116.95814132497728,32.68545114383652],[-116.9583968633422,32.678123766586914],[-116.96063986394483,32.678081766873945],[-116.96061186339108,32.67633976696648],[-116.96240086429408,32.67632476581032],[-116.96263291028579,32.668020552316115],[-116.96323586312607,32.667347765504125],[-116.96697186432044,32.66737476523568],[-116.96698486429959,32.66243876441426],[-116.96288286261263,32.661537763846276],[-116.95688086157794,32.661721764973215],[-116.95300286092217,32.661158763681044],[-116.94866686043802,32.66230376591785],[-116.94577986037042,32.66191576594866],[-116.9413408595684,32.659791765739094],[-116.93992885874646,32.658697765706435],[-116.93797985820953,32.658613765517366],[-116.93754803250565,32.65766819973281],[-116.9379084742376,32.65742386883035],[-116.9383486984257,32.657655136672865],[-116.93678585119436,32.65632829439395],[-116.93682482631921,32.656032091861185],[-116.93501785962653,32.6559867660667],[-116.93460085780205,32.6555937657443],[-116.93424085761932,32.65245576535199],[-116.93340685606587,32.65088176373827],[-116.93166985656654,32.64939276450706],[-116.92971885661885,32.646783765012955],[-116.93031085565919,32.63908876341555],[-116.92981285647087,32.63634076354934],[-116.92870985496764,32.632896763664924],[-116.92669685523326,32.62794376206337],[-116.92653185496118,32.625060761814964],[-116.92723185425773,32.62296376166726],[-116.9274158543173,32.621307761346195],[-116.92709785394726,32.61965076088775],[-116.92773885382127,32.615489760411954],[-116.92764885333729,32.61398676062388],[-116.92685889548753,32.61195075283128],[-116.92779531854248,32.61194996499457],[-116.92779565632907,32.60823353880657],[-116.92684754922159,32.608227784115165],[-116.92683810837408,32.60446002641273],[-116.92779597584159,32.60445847232954],[-116.92779366857815,32.60174769095039],[-116.93005985337565,32.60135875919492],[-116.92890385502963,32.598549757662994],[-116.93643085324456,32.596362757474225],[-116.93606885335008,32.59450075769802],[-116.92886085196854,32.58642675806367],[-116.92387285101388,32.58212875697518],[-116.91041684862549,32.58226175748179],[-116.91060084856576,32.58127275762553],[-116.91034684775951,32.58080175785582],[-116.90883984774247,32.580242758207966],[-116.90882884807831,32.57985575769616],[-116.90963284858552,32.579373757369325],[-116.90831684779953,32.5786497560866],[-116.90771884747214,32.57979175813062],[-116.90787584816954,32.58182475824735],[-116.90370084764719,32.58120675739123],[-116.90182584685277,32.58021575765656],[-116.89743584605982,32.57954375824867],[-116.89570884643426,32.57864175799347],[-116.89437884559312,32.57855475773451],[-116.89373984587284,32.577157757960734],[-116.89413284536073,32.576166757873054],[-116.89370884516944,32.575332756570795],[-116.89297084478325,32.57499275748166],[-116.8928328449606,32.57461975751927],[-116.8919698444746,32.57443375740693],[-116.8907828446615,32.57450675773607],[-116.88936784427048,32.57514275712507],[-116.88587784431431,32.574574758051654],[-116.88278584326594,32.57512675807018],[-116.88197584274809,32.575014758662306],[-116.88059084357369,32.57574875772885],[-116.87897684286322,32.57586375862423],[-116.87834684162368,32.5752747584718],[-116.87878684180852,32.574618758183085],[-116.87701984262381,32.5744797585815],[-116.8769458424851,32.57412075855679],[-116.8775448424589,32.573497758316115],[-116.87644784097746,32.57243475810954],[-116.8773248421765,32.5723677574051],[-116.87753784171386,32.57201575820004],[-116.87664084158784,32.57098975780589],[-116.87429584170025,32.569821758012395],[-116.87258984048691,32.57047875794641],[-116.87214284063398,32.57037775922827],[-116.8713098408325,32.56928775702842],[-116.87105983989818,32.569476758126235],[-116.87123584036995,32.57037775787883],[-116.8709648408118,32.571115758506394],[-116.87015284029226,32.572028757674474],[-116.86726883964505,32.571879758824714],[-116.86649683843667,32.571263758162615],[-116.86568483980822,32.571493758095954],[-116.86520384225825,32.57221875748197],[-116.86130783863004,32.571710758577616],[-116.8606768379962,32.570847757864364],[-116.8604038379127,32.56935175807889],[-116.85957183845171,32.56800475865507],[-116.85936883849976,32.565145758974765],[-116.85824483797865,32.564848758083706],[-116.85690683718589,32.56371675775057],[-116.85647083775102,32.56261675888238],[-116.85496383739981,32.561500758766435],[-116.85434683629578,32.5605107575389],[-116.85417697506308,32.559166722439066]]]}},{"type":"Feature","properties":{"name":"SPRING VALLEY"},"geometry":{"type":"Polygon","coordinates":[[[-117.00814887262806,32.691031765365636],[-116.98875986984929,32.69654676817063],[-116.98359186938154,32.70132176803425],[-116.9812748695406,32.70493376881079],[-116.97865086855667,32.70793476910178],[-116.97148486875115,32.70928476994277],[-116.96943286759169,32.708411769278385],[-116.96482086668904,32.70566077019638],[-116.96368586706319,32.7034897698365],[-116.9627418652471,32.70472876771055],[-116.96134486566551,32.704280768808346],[-116.95937986492903,32.70481677044116],[-116.95836886487749,32.706477770207144],[-116.95723886487222,32.71299877020706],[-116.95163186473518,32.71727077198164],[-116.95151586507674,32.71834477173332],[-116.95009886476305,32.72005377197767],[-116.94793086510478,32.7212017729891],[-116.94671586416945,32.723813772871],[-116.94477686407156,32.729845773302365],[-116.94367786070038,32.731286773945556],[-116.94060286324128,32.73337977439329],[-116.9410998643774,32.736573774605525],[-116.94282186396845,32.7395527738528],[-116.94096586657555,32.739801774721165],[-116.93526486326623,32.742709775738355],[-116.92932786191356,32.7448197765039],[-116.92868486117769,32.74419377504263],[-116.92664686406762,32.74331077435056],[-116.92351386086222,32.74282377648476],[-116.92188185967412,32.74300577718217],[-116.91926186013069,32.74394077564599],[-116.9169718602394,32.74558877764655],[-116.91463285940964,32.74637477679714],[-116.91221685895944,32.74767077662971],[-116.90471985916068,32.75494677889919],[-116.90298983315184,32.75740379004046],[-116.90611986006977,32.759472778016146],[-116.9076508595724,32.76090677773391],[-116.91099285869957,32.7620557786293],[-116.91953786009962,32.76213777843075],[-116.92102397341245,32.76258479563429],[-116.9217828613825,32.76212177984652],[-116.92789286364592,32.76209881284989],[-116.92789686361733,32.768868778436975],[-116.93184886349745,32.76908777869451],[-116.93585086636911,32.77107377876585],[-116.93885186611095,32.7716027798814],[-116.93860686492718,32.769391780497486],[-116.94057286866986,32.769114778529826],[-116.94094686738278,32.7688067798035],[-116.9418518668813,32.762655778991686],[-116.94234101499184,32.762228755765086],[-116.95435986892502,32.762300776080785],[-116.95607385992025,32.763075797219706],[-116.95904186743245,32.76317677683823],[-116.9594468685536,32.764652777482624],[-116.95988687112019,32.764933776545526],[-116.96236686962956,32.7643987769324],[-116.96558887127941,32.76532077626201],[-116.96641187163132,32.76596177672124],[-116.97212087201824,32.766206776315926],[-116.97221387234009,32.76509477671107],[-116.97261687182763,32.76471877662983],[-116.97654587208176,32.763834775225604],[-116.97894887196223,32.764020775977386],[-116.98294987394534,32.76250877522347],[-116.98382387362794,32.76258377622534],[-116.98528287373477,32.76337477593256],[-116.98697287539461,32.76300277581809],[-116.98844387383971,32.76377277627582],[-116.98966287498548,32.76366377482663],[-116.99106887610066,32.76404077489799],[-116.99331087541043,32.76072277449998],[-116.9958078758522,32.75971977522455],[-116.99881787525283,32.76052777406707],[-117.00048987709454,32.760258775192106],[-117.00205087811607,32.761471775242526],[-117.00239787666034,32.760725773914],[-117.00217887698923,32.75979977377826],[-117.00274787704652,32.75953677443221],[-117.0029568756863,32.758972774273744],[-117.00323487702842,32.759027774159705],[-117.00297387670913,32.759944773761255],[-117.00322087729006,32.760098773651364],[-117.00401587662805,32.759293773542645],[-117.00431487676188,32.75965177413527],[-117.00586987685386,32.758478773874636],[-117.01170887783063,32.75343877345988],[-117.01040287731931,32.7523637727244],[-117.01286487750272,32.75107777278663],[-117.01950787850433,32.74548077167139],[-117.01501387797941,32.74156177127216],[-117.01443987681324,32.74052677078728],[-117.01451287696612,32.73037276947795],[-117.01400987510618,32.718643768106396],[-117.01382387630866,32.71733776819068],[-117.01273387542172,32.71477676873709],[-117.0124738740691,32.711137768194824],[-117.01034687405141,32.70530476788402],[-117.01112487404626,32.7042907667766],[-117.01137287446613,32.701382766451445],[-117.01024087384712,32.700672766373195],[-117.00885387416501,32.701568766943],[-117.00811387336077,32.701155767369606],[-117.00629787316318,32.701073767204],[-117.0050578726974,32.69945576671334],[-117.00581087285227,32.69852776702116],[-117.00670187249428,32.69497676557763],[-117.00870187396553,32.69430176632529],[-117.00908687396497,32.69328376622215],[-117.00905387276036,32.692823766404985],[-117.00812487357113,32.692197766234244],[-117.00839487286767,32.692148765486465],[-117.00794687218246,32.6917467660667],[-117.00814887262806,32.691031765365636]]]}},{"type":"Feature","properties":{"name":"LEMON GROVE"},"geometry":{"type":"Polygon","coordinates":[[[-117.04930588011095,32.712096766823535],[-117.03802387998596,32.71217176734653],[-117.03636987906589,32.71293176719357],[-117.03331188000647,32.715123766797554],[-117.02726787820428,32.716992766979125],[-117.02587987818454,32.71779076882081],[-117.02587687876672,32.718546768323115],[-117.02177187681768,32.718247768141765],[-117.01916087562445,32.715715768373244],[-117.01767887651167,32.714930767842745],[-117.01273387542172,32.71477676873709],[-117.01382387630866,32.71733776819068],[-117.01400987510618,32.718643768106396],[-117.01451287696612,32.73037276947795],[-117.01443987681324,32.74052677078728],[-117.01501387797941,32.74156177127216],[-117.01950787850433,32.74548077167139],[-117.01286487750272,32.75107777278663],[-117.01040287731931,32.7523637727244],[-117.01170887783063,32.75343877345988],[-117.01814187775368,32.7481027714335],[-117.02041187915961,32.74711677214901],[-117.02196787884752,32.7469067721787],[-117.02805688033833,32.747072771854604],[-117.03781488164637,32.744875771388756],[-117.0461648822805,32.744885769474614],[-117.04757288259839,32.74438377093151],[-117.05084888457408,32.74204576991369],[-117.04974688362606,32.740942769247575],[-117.0532358841319,32.73801176892357],[-117.05505188413761,32.73549076916725],[-117.05643188482436,32.73439376833617],[-117.05202388349468,32.73382176822568],[-117.05029788406537,32.73494576808016],[-117.049368883223,32.735148768536966],[-117.04938488081261,32.71253676561708],[-117.04930588011095,32.712096766823535]]]}},{"type":"Feature","properties":{"name":"LA MESA"},"geometry":{"type":"Polygon","coordinates":[[[-117.04791055261416,32.744162157536486],[-117.0458108833363,32.74492977101435],[-117.03642988151996,32.74505077053512],[-117.02805688033833,32.747072771854604],[-117.02196787884752,32.7469067721787],[-117.01965187888091,32.747355771819436],[-117.01814187775368,32.7481027714335],[-117.01520887888418,32.75044177203498],[-117.00431487676188,32.75965177413527],[-117.00401587662805,32.759293773542645],[-117.00305287619081,32.76006577389654],[-117.00324187678628,32.75906777478914],[-117.0029568756863,32.758972774273744],[-117.00274787704652,32.75953677443221],[-117.00217887698923,32.75979977377826],[-117.00239787666034,32.760725773914],[-117.00205087811607,32.761471775242526],[-117.00048987709454,32.760258775192106],[-116.99881787525283,32.76052777406707],[-116.9958078758522,32.75971977522455],[-116.99331087541043,32.76072277449998],[-116.99145787525518,32.763771775926855],[-116.99095087503454,32.76407077474993],[-116.98966287498548,32.76366377482663],[-116.98844387383971,32.76377277627582],[-116.98697287539461,32.76300277581809],[-116.98528287373477,32.76337477593256],[-116.98309487389106,32.762492775705574],[-116.97894887196223,32.764020775977386],[-116.97654587208176,32.763834775225604],[-116.97242487171962,32.764823776354575],[-116.97212087201824,32.766206776315926],[-116.97455887246272,32.77023177633653],[-116.97808087439884,32.77172277615533],[-116.97900187409093,32.773002777399135],[-116.98149887429638,32.77443877743206],[-116.98205787403603,32.77492977715104],[-116.98233587375826,32.77572277704348],[-116.9828848746761,32.7760027768982],[-116.98433887518196,32.77634577747905],[-116.98466987543797,32.77588177771925],[-116.9856398741817,32.77591677679792],[-116.98702487571626,32.77534577905141],[-116.98688787583032,32.77617877719076],[-116.98584287550337,32.776945777191195],[-116.98676887529732,32.77751777743596],[-116.98744587537956,32.77708077649868],[-116.98818687606915,32.77718177753973],[-116.98842287581184,32.77765377713544],[-116.98808887495855,32.778316776658805],[-116.9881038758538,32.779753777211106],[-116.99039887601279,32.78087777787065],[-116.98930287586037,32.78211777754941],[-116.98721587587596,32.78300877739271],[-116.98766487544685,32.78428777798486],[-116.98443187565998,32.785222778598],[-116.98483187603507,32.78557677867078],[-116.98631287617032,32.785634778690095],[-116.98633787546937,32.786210778077354],[-116.98559587519624,32.786248778189446],[-116.98458387487116,32.78745577894626],[-116.98485987604921,32.78843877887168],[-116.98733187552025,32.78767477871922],[-116.98806604819745,32.78929400731611],[-116.98551178606183,32.78995633149486],[-116.98617087627892,32.79082177988944],[-116.98820387672492,32.79065977847604],[-116.9883368774866,32.79223777956466],[-116.9867978769602,32.79416577865635],[-116.98769787716365,32.79475677930446],[-116.98760987683166,32.794996779705755],[-116.98822587691552,32.79502077824559],[-116.98827687711726,32.79569077897625],[-116.99010887741302,32.795071780094894],[-116.99713387769056,32.79499377875181],[-116.99714787811811,32.7952557786833],[-116.99751487861143,32.79525477866298],[-116.99755387779244,32.79501577929505],[-116.99922487749049,32.79497077905073],[-116.99928687856571,32.79608077675162],[-117.00102187916409,32.79502277823003],[-117.00220287934037,32.79504177777727],[-117.00218688002445,32.79467077823691],[-117.0040398793221,32.79423777784743],[-117.00429288059605,32.79458577851711],[-117.00595888032328,32.79431177836596],[-117.0060218811548,32.791324779619536],[-117.03741088487432,32.791480776696254],[-117.03735688534759,32.79096777672858],[-117.03810188530275,32.790370775989956],[-117.03810188522098,32.789566775905904],[-117.0374998850797,32.78879177622264],[-117.0357978845623,32.78873277598635],[-117.03246588484696,32.79004377652198],[-117.03146638998452,32.79084402632347],[-117.03144764578704,32.790538050000315],[-117.03097910312732,32.79054101331744],[-117.03198175869161,32.788770352620766],[-117.03356488461071,32.7880467766467],[-117.03508888417879,32.786407775823264],[-117.03632988533911,32.78587177472778],[-117.03732288483552,32.78414377543587],[-117.0375338838556,32.783100774788856],[-117.03900276430878,32.78213005327487],[-117.03995816512553,32.781979903140225],[-117.03893888121937,32.78174677475362],[-117.03895888601406,32.78138177506696],[-117.04001488502992,32.78138177469136],[-117.03996188495874,32.779448774406994],[-117.04217288472842,32.77893677485492],[-117.04369588610119,32.77722077590877],[-117.04371488465289,32.77945877373075],[-117.04429788520937,32.78006277439291],[-117.04524988513721,32.77955777375373],[-117.0452488859596,32.78001977513494],[-117.04697088628856,32.77976377458278],[-117.04720788613484,32.780280774125416],[-117.04824488607971,32.780432773458145],[-117.04866488602423,32.7802257737514],[-117.0486778880908,32.77952977366668],[-117.05138888714139,32.77794077430121],[-117.04960488656413,32.777233774333865],[-117.04866488604445,32.777339773020756],[-117.04879235885537,32.7743273299436],[-117.04664988495057,32.77319977306286],[-117.04703488513088,32.77084677387665],[-117.04038888452284,32.77095777309729],[-117.04036888503944,32.77137877250698],[-117.03992088236508,32.771384771823115],[-117.03965388452704,32.77035977350193],[-117.03900388541477,32.770359773410426],[-117.03896488369887,32.768853773312784],[-117.04043588408948,32.76883077315715],[-117.04040988385921,32.76774777390074],[-117.04561388412881,32.76765177290771],[-117.0455958856233,32.76601077259862],[-117.05114488592433,32.766018773108904],[-117.05117188603572,32.763253771605626],[-117.05336488585141,32.76327277144086],[-117.0534358859768,32.759676772183695],[-117.05384788673871,32.75901077144385],[-117.05398488506053,32.75533077111004],[-117.04914388490288,32.75519177170321],[-117.04929288372044,32.7435867695119],[-117.05128188373304,32.742466769106],[-117.05084888457408,32.74204576991369],[-117.04791055261416,32.744162157536486]]]}},{"type":"Feature","properties":{"name":"EL CAJON"},"geometry":{"type":"Polygon","coordinates":[[[-116.90298983315184,32.75740379004046],[-116.89792385849347,32.759858780700604],[-116.89436285869596,32.76075277969625],[-116.8905278559408,32.762314779181715],[-116.88845485683761,32.76443978068064],[-116.8834998550176,32.76647178286028],[-116.88246785632273,32.76903478211465],[-116.88299685807816,32.77025478219577],[-116.88506185807042,32.77124778165347],[-116.88630485622579,32.77228978082525],[-116.88799785733698,32.77638578407657],[-116.88777285741192,32.780610783358],[-116.88962685928036,32.783378782197936],[-116.88944185753648,32.7844107835039],[-116.88826685967476,32.786590784550526],[-116.88820085754561,32.78849478307196],[-116.88897786046323,32.78807078392598],[-116.88988785819565,32.78543078192248],[-116.89291651761292,32.78533552818057],[-116.89253085943729,32.80268778647709],[-116.89302786072206,32.80342078649874],[-116.89253086047353,32.80433678509843],[-116.89368786109317,32.81009178662483],[-116.89278386201514,32.8118827865688],[-116.89259086151742,32.817610786644124],[-116.89156986158267,32.82135578727699],[-116.89226186160451,32.820747786899226],[-116.89334686320272,32.820744787386474],[-116.89440686247737,32.82016478683783],[-116.89788786284535,32.81923578745765],[-116.89974086333706,32.8195107870814],[-116.89993186340834,32.81910778647938],[-116.90109286278036,32.819256786514856],[-116.90412786430652,32.820791786704596],[-116.90472986419874,32.822058786453674],[-116.90432586486236,32.82294278723882],[-116.90489186418327,32.82350878726424],[-116.90937786581493,32.821739787163274],[-116.91160986433076,32.818029785331824],[-116.91566386559859,32.814120785449916],[-116.91733986485413,32.81185678487329],[-116.91853186584105,32.81229878439835],[-116.91677986707619,32.814806786600414],[-116.91770486721035,32.8155697854573],[-116.91896686686466,32.81920578493045],[-116.91968586661058,32.81986778554501],[-116.92190186717555,32.82075678609182],[-116.93873186970137,32.82078478417197],[-116.93998687018689,32.8213317843587],[-116.94494187104121,32.8213797845919],[-116.95252787291393,32.82505178370548],[-116.96164487310256,32.82514578388491],[-116.96180687466423,32.831022784177605],[-116.98378287820687,32.831403783409456],[-116.98404487867398,32.82887378317633],[-116.98380687791428,32.827628782666125],[-116.9875738798447,32.826194782979634],[-116.99324888022188,32.825989782039635],[-116.99327087976575,32.82449478283743],[-116.99367888047951,32.823837782590736],[-116.99653687999235,32.823486782909626],[-116.99817288048399,32.821973781272526],[-116.99857888030567,32.82077378158525],[-116.99818488095423,32.81917978229504],[-116.99957488147523,32.81915278155376],[-116.99998587989273,32.81699778076077],[-117.001220881192,32.81784078140452],[-117.00170588007447,32.8155347797976],[-117.00461288107229,32.81093377907629],[-117.00546488076735,32.808874780086065],[-117.00595888032328,32.79431177836596],[-117.00429288059605,32.79458577851711],[-117.0040398793221,32.79423777784743],[-117.00218688002445,32.79467077823691],[-117.00220287934037,32.79504177777727],[-117.00102187916409,32.79502277823003],[-116.99928687856571,32.79608077675162],[-116.99922487749049,32.79497077905073],[-116.99755387779244,32.79501577929505],[-116.99751487861143,32.79525477866298],[-116.99714787811811,32.7952557786833],[-116.99713387769056,32.79499377875181],[-116.99010887741302,32.795071780094894],[-116.98827687711726,32.79569077897625],[-116.98822587691552,32.79502077824559],[-116.98760987683166,32.794996779705755],[-116.98769787716365,32.79475677930446],[-116.9867978769602,32.79416577865635],[-116.9883368774866,32.79223777956466],[-116.98820387672492,32.79065977847604],[-116.98617087627892,32.79082177988944],[-116.98551178606183,32.78995633149486],[-116.98806604819745,32.78929400731611],[-116.9877056843969,32.78843513400982],[-116.98733187552025,32.78767477871922],[-116.98485987604921,32.78843877887168],[-116.98452587731975,32.78765377971148],[-116.98559587519624,32.786248778189446],[-116.9863378749716,32.78614777751971],[-116.98610987596197,32.78542677776687],[-116.98483187603507,32.78557677867078],[-116.98443187565998,32.785222778598],[-116.98766487544685,32.78428777798486],[-116.98721587587596,32.78300877739271],[-116.98930287586037,32.78211777754941],[-116.99039887601279,32.78087777787065],[-116.9881038758538,32.779753777211106],[-116.98808887495855,32.778316776658805],[-116.98842287581184,32.77765377713544],[-116.98818687606915,32.77718177753973],[-116.98744587537956,32.77708077649868],[-116.98676887529732,32.77751777743596],[-116.98584287550337,32.776945777191195],[-116.98688787583032,32.77617877719076],[-116.98702487571626,32.77534577905141],[-116.9856398741817,32.77591677679792],[-116.98466987543797,32.77588177771925],[-116.98433887518196,32.77634577747905],[-116.98233587375826,32.77572277704348],[-116.98195487505684,32.77480377702475],[-116.97911687331148,32.77309977695731],[-116.97808087439884,32.77172277615533],[-116.97455887246272,32.77023177633653],[-116.97200887126392,32.76615077629346],[-116.96641187163132,32.76596177672124],[-116.96558887127941,32.76532077626201],[-116.96236686962956,32.7643987769324],[-116.95988687112019,32.764933776545526],[-116.9594468685536,32.764652777482624],[-116.95904186743245,32.76317677683823],[-116.95607385992025,32.763075797219706],[-116.95435986892502,32.762300776080785],[-116.94213486737127,32.762306779219124],[-116.9412778663483,32.76550277943215],[-116.94094686738278,32.7688067798035],[-116.94057286866986,32.769114778529826],[-116.93904486469118,32.769276777338106],[-116.93860686492718,32.769391780497486],[-116.93885186611095,32.7716027798814],[-116.93680186553249,32.77135477938493],[-116.93211086358342,32.769157780099135],[-116.92789686361733,32.768868778436975],[-116.92789286364592,32.76209881284989],[-116.9217828613825,32.76212177984652],[-116.92102397341245,32.76258479563429],[-116.91953786009962,32.76213777843075],[-116.91099285869957,32.7620557786293],[-116.9076508595724,32.76090677773391],[-116.90611986006977,32.759472778016146],[-116.90298983315184,32.75740379004046]]]}},{"type":"Feature","properties":{"name":"SANTEE"},"geometry":{"type":"Polygon","coordinates":[[[-117.0040868811888,32.811775780093306],[-117.00170588007447,32.8155347797976],[-117.001220881192,32.81784078140452],[-116.99998587989273,32.81699778076077],[-116.99957488147523,32.81915278155376],[-116.99818488095423,32.81917978229504],[-116.99852588029272,32.82125178107904],[-116.9969508800942,32.823227781495014],[-116.99623388059545,32.82358678297371],[-116.9944688794857,32.82354678281824],[-116.99367888047951,32.823837782590736],[-116.99327087976575,32.82449478283743],[-116.99324888022188,32.825989782039635],[-116.9875738798447,32.826194782979634],[-116.98380687791428,32.827628782666125],[-116.98404487867398,32.82887378317633],[-116.98378287820687,32.831403783409456],[-116.96180687466423,32.831022784177605],[-116.96194487484964,32.839236785899516],[-116.9614748762465,32.84099878598645],[-116.96050087519478,32.84285278588082],[-116.95882987588158,32.84483878599492],[-116.95317687241997,32.84934778764987],[-116.94897587518831,32.85331578979217],[-116.94688687284697,32.85468578935048],[-116.94738887293937,32.8559847877477],[-116.94719087444454,32.863390788091735],[-116.94782287424619,32.864282789821445],[-116.94776487478214,32.86601278980674],[-116.94819287446552,32.866578789459176],[-116.95260687589862,32.8683607905428],[-116.95509487555081,32.86972878927804],[-116.95650487743814,32.87132379029089],[-116.96307287758688,32.87335279029643],[-116.96607287833992,32.87945279028077],[-116.96577287971293,32.88045279080201],[-116.96757287991457,32.882052790995566],[-116.96547287921817,32.884652790579516],[-116.9681058799914,32.892343791703915],[-116.96966388070855,32.89144179243897],[-116.97030888063954,32.89053379210279],[-116.97024288264913,32.889807793137926],[-116.97081688062273,32.888779792187826],[-116.97187612912883,32.88761120396974],[-116.97400888015916,32.886133790010945],[-116.980151071241,32.88601442324483],[-116.98192688189222,32.88543779006921],[-116.98308219150168,32.88606000708261],[-116.98364788260623,32.88583379108465],[-116.9867957151895,32.88629635313981],[-116.9968498847176,32.88566378907435],[-116.99980188452969,32.88123778872998],[-117.00320588557797,32.87725978833478],[-117.00935088571359,32.86644678697548],[-117.01076388665223,32.8670147863435],[-117.01173988604648,32.86498278667813],[-117.01235188580543,32.8652807870274],[-117.01321088635295,32.86473478649796],[-117.01231488600791,32.8637147860731],[-117.01173288525467,32.863532786005585],[-117.01201688644133,32.86305278656439],[-117.0125918854129,32.86325678564203],[-117.01368688672841,32.86283978602664],[-117.01529288761783,32.86280478542093],[-117.01423888599433,32.86134578542283],[-117.01300288646578,32.86166478547585],[-117.01270788560208,32.86101278554668],[-117.01265288641311,32.859338784976096],[-117.01376488677462,32.85821778536422],[-117.01377288525079,32.85744278529371],[-117.01273888485167,32.855590784501466],[-117.01114588434696,32.85559478516516],[-117.0115808858316,32.853231785868374],[-117.01196288461514,32.85338078480312],[-117.01196888526276,32.85306578507438],[-117.01324488635159,32.85279378469372],[-117.0140298846766,32.85112078467332],[-117.01502388500673,32.850471784156866],[-117.0156398856979,32.85027678406581],[-117.01711388575313,32.85060078389021],[-117.01893888691299,32.84982878417423],[-117.01902088595186,32.84884078430752],[-117.02098288641933,32.84799478331669],[-117.02395188681182,32.845811783011044],[-117.02347288686427,32.84487878323891],[-117.02366588635034,32.84043578315951],[-117.0244118860652,32.83919078212548],[-117.02678488676766,32.83702478175262],[-117.03669188820017,32.83844478159349],[-117.037287888851,32.83552378098545],[-117.03842588807534,32.834107780885226],[-117.03661688864405,32.832974781133075],[-117.03818488864017,32.83145078061793],[-117.03427888730137,32.83146778070949],[-117.0040868811888,32.811775780093306]]]}},{"type":"Feature","properties":{"name":"LAKESIDE"},"geometry":{"type":"Polygon","coordinates":[[[-116.9154746371779,32.814314246024374],[-116.91160986433076,32.818029785331824],[-116.90937786581493,32.821739787163274],[-116.90489186418327,32.82350878726424],[-116.90432586486236,32.82294278723882],[-116.90472986419874,32.822058786453674],[-116.90412786430652,32.820791786704596],[-116.90230986303656,32.8200417862914],[-116.90171486436107,32.819433787047956],[-116.89993186340834,32.81910778647938],[-116.89974086333706,32.8195107870814],[-116.89788786284535,32.81923578745765],[-116.89440686247737,32.82016478683783],[-116.89334686320272,32.820744787386474],[-116.89226186160451,32.820747786899226],[-116.89105306199453,32.821678787587615],[-116.88976177773046,32.821915924523466],[-116.89023477582315,32.82334747584878],[-116.88936381101016,32.82383744677539],[-116.88863476577042,32.823845642260295],[-116.88668943629665,32.822947207526845],[-116.88500948925528,32.823456498490394],[-116.88309884816746,32.822027018395765],[-116.88146448685137,32.82146756552813],[-116.88046009653277,32.82168954520785],[-116.87931732644282,32.82125983676219],[-116.87832180217895,32.82134662304632],[-116.87697500016183,32.82255395121572],[-116.87721283181507,32.824956242429224],[-116.87797285930593,32.824642788389816],[-116.8786848605958,32.825204787674934],[-116.87847786130367,32.82724978817829],[-116.879909862089,32.830389789561465],[-116.88203385870193,32.83055178870903],[-116.88245886116178,32.83123578924085],[-116.88225586198871,32.835065789406855],[-116.8811808612368,32.836541789760126],[-116.88089786018182,32.83748978989558],[-116.88075986170468,32.83946478983176],[-116.88109986066144,32.84054579065543],[-116.8799408615527,32.841466791395646],[-116.88015386035109,32.84354379221992],[-116.88105786066195,32.843407789327024],[-116.88301686202301,32.84711578935971],[-116.88368786221365,32.847728791096706],[-116.88477386163348,32.84811379058719],[-116.88778686388356,32.848217792617234],[-116.89251886426248,32.85049779012391],[-116.89330986519839,32.851736793153364],[-116.8932398633427,32.8549667923689],[-116.89373686387249,32.856211791871445],[-116.89492386687131,32.85706678994219],[-116.89928586660146,32.85846478989131],[-116.90059185975583,32.859895789982644],[-116.89809086402786,32.8640107906953],[-116.89360586467225,32.8674357930655],[-116.89356952152839,32.870866219890196],[-116.89040081995739,32.87064162209516],[-116.8847408652582,32.87168979378432],[-116.8755058636487,32.87692079652212],[-116.86998786187152,32.87723479600506],[-116.86737886036184,32.87844279505176],[-116.86142987785229,32.882580784612834],[-116.85949086025035,32.885872797104334],[-116.85862786013183,32.88820479779267],[-116.85741685926844,32.88993379641637],[-116.85466686047648,32.89134479815762],[-116.84921686028542,32.89290480049842],[-116.84412185894263,32.893205800487415],[-116.84028285689624,32.89171380020906],[-116.83587585516437,32.8891577989134],[-116.8304248575541,32.8892098022512],[-116.82933785734427,32.88765780046579],[-116.82742285427881,32.88611779822665],[-116.82083885484464,32.884160798799606],[-116.81370585322387,32.88390179823767],[-116.81170385358034,32.884504799942526],[-116.8099998518758,32.88374980095686],[-116.80912685318623,32.885590800628954],[-116.80725685057043,32.883883800013315],[-116.80299385073343,32.88194580004532],[-116.80076485142432,32.881965799975035],[-116.79733484843777,32.88299479982384],[-116.79432984898231,32.88344980175988],[-116.79226085042126,32.88612680211179],[-116.78991784998931,32.888394801035034],[-116.79025185058498,32.920951804370276],[-116.78929385286717,32.949251807735976],[-116.77304385082843,32.94965680791764],[-116.77051284943242,32.963260810959596],[-116.77114712858807,32.97864704766814],[-116.77771917674679,32.97867881283814],[-116.77777784815409,32.977702810676725],[-116.7785718533535,32.977677812103956],[-116.77910285409106,32.977261811754],[-116.78048984960286,32.97725481396339],[-116.78165785453729,32.976647812101895],[-116.7821338513778,32.976754812218715],[-116.7822248536507,32.97597081054751],[-116.78290385241024,32.975772811664804],[-116.78395985232682,32.97457781188915],[-116.78393985130911,32.974066812293295],[-116.78515885275864,32.97331980922242],[-116.78705484911642,32.972766811715566],[-116.78741085311906,32.97148781020442],[-116.78804083690963,32.97119186857267],[-116.79723592963165,32.97121442807345],[-116.79751486778933,32.963827745611646],[-116.80627332395014,32.963942249131904],[-116.80637485879753,32.978621811179266],[-116.81145285823668,32.97851581041181],[-116.81132085849065,32.97608480912025],[-116.81216286030394,32.97597081201468],[-116.81853386124666,32.98259481008425],[-116.81718786120429,32.99237081220031],[-116.84131925437818,32.992893067952394],[-116.84134745069879,32.97279157348714],[-116.84080086233725,32.96381380855008],[-116.84860886550477,32.96295480669535],[-116.84849486442536,32.95910680570084],[-116.84895086312193,32.95807880515564],[-116.84908286602376,32.95641880752967],[-116.84970386455018,32.95571680673797],[-116.85023986268715,32.95535480531123],[-116.85280886301778,32.9553368045485],[-116.85293186542269,32.95581980598781],[-116.85246086463421,32.956945804192245],[-116.85427786518099,32.96094780708944],[-116.85565086613128,32.962374806223245],[-116.85981786545226,32.961997807374466],[-116.8605788656025,32.96217280687712],[-116.86134186701564,32.96356480471512],[-116.86214686731068,32.96353080732036],[-116.86276886820332,32.96300780574688],[-116.8647468699278,32.963808802114706],[-116.86651486657416,32.96359480623152],[-116.86999886638905,32.96560580405607],[-116.87180687019978,32.967170813489474],[-116.87263987113623,32.96688680565545],[-116.87506386936218,32.967610804388656],[-116.87689686855401,32.96773380514094],[-116.87735386982025,32.96862380608063],[-116.87924687147893,32.96807580371569],[-116.87903187315894,32.96897580608235],[-116.87933686924053,32.96923580685724],[-116.88063586995708,32.96807480438841],[-116.88316786933292,32.96780880473987],[-116.88447887079242,32.966999806103594],[-116.88530497609692,32.96579675039246],[-116.8872558728103,32.96457980539225],[-116.88858487109563,32.96454980357191],[-116.8894808702219,32.965293803808535],[-116.89103887240672,32.96563580313713],[-116.89530187076285,32.962949803033844],[-116.89629587155005,32.962831802760256],[-116.89736087237375,32.96325380513082],[-116.90108287493432,32.95921380455243],[-116.90354287281211,32.95741680352743],[-116.90400587274816,32.955420802869206],[-116.90582687349837,32.954557802329106],[-116.90717087501119,32.953243803747824],[-116.90699487241557,32.95253980325255],[-116.9062778725383,32.951797801694546],[-116.90547687548663,32.947804802125816],[-116.90466887259427,32.946539800720934],[-116.90520087470145,32.94553080177639],[-116.90528087149134,32.943875803769004],[-116.9074818738178,32.94198980266967],[-116.90966287292167,32.94088280089079],[-116.90988887084731,32.93999579906318],[-116.90709487300396,32.9333108016508],[-116.90645087176273,32.93104880148827],[-116.90828187298514,32.929295799014724],[-116.91047887232388,32.928523799466326],[-116.91224287207956,32.928737799999],[-116.91607587484752,32.93054680020831],[-116.91801987363093,32.93036579935029],[-116.9188978761582,32.929756797907324],[-116.92061087528865,32.928386798269244],[-116.92223887412622,32.925536798376555],[-116.92224087391145,32.92281279856517],[-116.92320787246896,32.91855579593734],[-116.92645587379137,32.91638379680318],[-116.92700787475376,32.917450795881244],[-116.93126187344299,32.920584798623004],[-116.93305687412757,32.92343379801476],[-116.93501087666542,32.925666798569125],[-116.93617387657255,32.927783796739575],[-116.9367458768404,32.930132797374064],[-116.93783787880054,32.932230797954006],[-116.93798787875947,32.93333579879735],[-116.93875087622419,32.9344087970951],[-116.93776587819991,32.93580479821757],[-116.93646187790551,32.936140799540766],[-116.93616887799315,32.93722379876482],[-116.9363508780858,32.93757579868898],[-116.93845887822563,32.93849679865341],[-116.94075987885351,32.93893779988746],[-116.94018187816495,32.939633798627085],[-116.94146987855324,32.94089479909272],[-116.94205787904534,32.94246379995254],[-116.94497287924031,32.944215800029724],[-116.94607388066548,32.944243800017894],[-116.9466568793859,32.94386079895606],[-116.94904888047857,32.94448179926361],[-116.95005988099754,32.943791798772786],[-116.95094888093473,32.943998798813276],[-116.95256388186588,32.942595798420854],[-116.9544078818548,32.94258179874062],[-116.95507788162143,32.94117679874603],[-116.9557778816383,32.94089879981207],[-116.95620088316514,32.941654798404706],[-116.95581488750909,32.940205793596604],[-116.95616588112894,32.94003079873397],[-116.95984488228815,32.941548798599634],[-116.96140288275845,32.94152279777137],[-116.96277488351268,32.94315879815067],[-116.96550488364404,32.943791797999864],[-116.96584288318911,32.94522479809223],[-116.96634688300541,32.94589479898801],[-116.96694188480507,32.94605579858846],[-116.96852088514366,32.94466679767565],[-116.97062488494858,32.94436679777076],[-116.97187288410838,32.94476179728701],[-116.97431988575815,32.94363479796453],[-116.97768788602683,32.9433007982086],[-116.97851288614089,32.94278979743302],[-116.98040588579929,32.94258779697268],[-116.98079341987943,32.942106389341795],[-116.9803364516891,32.93986787589179],[-116.98110384023003,32.94034336199404],[-116.98159859099565,32.94012322374214],[-116.9842552971091,32.93807374348613],[-116.98442838126945,32.936038212270375],[-116.98403788926402,32.935613748929796],[-116.983653316742,32.93398426273332],[-116.98951610435766,32.93403714090953],[-116.98938144833875,32.91955661968808],[-116.98965688648292,32.91952379372666],[-116.98928888507137,32.905009792239554],[-116.98430488528001,32.90490579301635],[-116.98430731600293,32.89932511677379],[-116.9877558842867,32.89869679100723],[-116.99306988448679,32.894856790852685],[-116.99335888512607,32.89262979032544],[-116.9968498847176,32.88566378907435],[-116.9867957151895,32.88629635313981],[-116.98364788260623,32.88583379108465],[-116.98308219150168,32.88606000708261],[-116.98192688189222,32.88543779006921],[-116.980151071241,32.88601442324483],[-116.97400888015916,32.886133790010945],[-116.97187612912883,32.88761120396974],[-116.97081688062273,32.888779792187826],[-116.97024288264913,32.889807793137926],[-116.97030888063954,32.89053379210279],[-116.96966388070855,32.89144179243897],[-116.9681058799914,32.892343791703915],[-116.96547287921817,32.884652790579516],[-116.96757287991457,32.882052790995566],[-116.96577287971293,32.88045279080201],[-116.96607287833992,32.87945279028077],[-116.96307287758688,32.87335279029643],[-116.95650487743814,32.87132379029089],[-116.95509487555081,32.86972878927804],[-116.95260687589862,32.8683607905428],[-116.94905187554208,32.86712979041963],[-116.94776487478214,32.86601278980674],[-116.94782287424619,32.864282789821445],[-116.94719087444454,32.863390788091735],[-116.94738887293937,32.8559847877477],[-116.94688687284697,32.85468578935048],[-116.94897587518831,32.85331578979217],[-116.95270987536033,32.84975078788299],[-116.95928087540696,32.844410787208915],[-116.96050087519478,32.84285278588082],[-116.96164787432924,32.84049678593032],[-116.96200187620485,32.838291786195335],[-116.96164487310256,32.82514578388491],[-116.95252787291393,32.82505178370548],[-116.94494187104121,32.8213797845919],[-116.93998687018689,32.8213317843587],[-116.93873186970137,32.82078478417197],[-116.92201086731684,32.82078578503835],[-116.9191608663709,32.81947478499695],[-116.91770486721035,32.8155697854573],[-116.91677986707619,32.814806786600414],[-116.91853186584105,32.81229878439835],[-116.91733986485413,32.81185678487329],[-116.9154746371779,32.814314246024374]]]}},{"type":"Feature","properties":{"name":"HARBISON CREST"},"geometry":{"type":"Polygon","coordinates":[[[-116.84711184468506,32.77137478238343],[-116.84751784948897,32.768303782762],[-116.84996284679397,32.765715783265186],[-116.84776084771264,32.76381778306282],[-116.84457684500586,32.763457783454264],[-116.84308184990208,32.76359178378492],[-116.84140885003335,32.76448678292579],[-116.84047884920277,32.76525178413207],[-116.84097284746376,32.76539278398332],[-116.8404498495473,32.76558678394511],[-116.83544484658209,32.765048784825225],[-116.83382384867454,32.76518578425489],[-116.83221684817914,32.76606078329959],[-116.83130584715333,32.76735378401379],[-116.83137784568999,32.768590783100436],[-116.83202184758771,32.76961878399072],[-116.83161884569233,32.77038278334581],[-116.8285358490967,32.77246378549353],[-116.8239511443451,32.77254736816447],[-116.82395643473679,32.790260744939616],[-116.8285884299475,32.79020326739337],[-116.82877884839249,32.79331478800449],[-116.82827084500215,32.79550878998049],[-116.82492485044067,32.798747789245006],[-116.82444384692735,32.80001278893915],[-116.82359084996918,32.80110178760864],[-116.82148784657664,32.802140788981035],[-116.81944984528074,32.80368079125993],[-116.81701484832493,32.80420379016159],[-116.81387584411694,32.80702478801557],[-116.81233784399296,32.807729788978385],[-116.80926784350127,32.81224678922652],[-116.80949084760243,32.81326978908154],[-116.80927784237825,32.81491379119886],[-116.80984384751412,32.8165117925781],[-116.81003384704198,32.818460794707704],[-116.80677684790747,32.81897379206215],[-116.80641584798393,32.82239579560612],[-116.80675784518117,32.82294779451965],[-116.8079468469413,32.82304079267069],[-116.8088358471079,32.82373179323086],[-116.80921584972158,32.82482379511665],[-116.81103284784663,32.825410793428055],[-116.81277083016454,32.829360514956406],[-116.81360809961583,32.829969601736174],[-116.8163897975006,32.829953887689214],[-116.81443485131267,32.83356679426492],[-116.80757584782152,32.841738793828576],[-116.80881584938417,32.84276779508952],[-116.80937017454082,32.84466010702682],[-116.80825503652926,32.84466186421645],[-116.80814485172371,32.84546207941626],[-116.80664027737923,32.8458726491576],[-116.80672288138351,32.84720230751009],[-116.8071351916174,32.847673325566895],[-116.80532884666133,32.84840479454342],[-116.80594884761807,32.8484427952906],[-116.80463184952941,32.85044979705612],[-116.8052248479913,32.85141779542858],[-116.80467785035901,32.85331479542204],[-116.80386285067524,32.85424979451782],[-116.8039148480077,32.85495879660363],[-116.80274284916308,32.855233795461636],[-116.80271584664834,32.856080796339135],[-116.80186284873515,32.85768579631559],[-116.79991484922195,32.859263796539075],[-116.7990148484736,32.86039679656265],[-116.798936849157,32.86225579636323],[-116.79801784772198,32.86435079759632],[-116.79805684920633,32.86522979906343],[-116.79677884639251,32.866939799931764],[-116.79488584728452,32.868352798437364],[-116.79524884799827,32.872220798847096],[-116.79412684630147,32.87353579798781],[-116.7933568468253,32.875055800037316],[-116.79299984860836,32.87812080088944],[-116.79324284964302,32.88162479955953],[-116.79362984891736,32.88277680107761],[-116.79432984898231,32.88344980175988],[-116.80187985024556,32.881896800130185],[-116.80299385073343,32.88194580004532],[-116.80589485274447,32.88309479995078],[-116.80725685057043,32.883883800013315],[-116.80912685318623,32.885590800628954],[-116.8099998518758,32.88374980095686],[-116.81170385358034,32.884504799942526],[-116.81370585322387,32.88390179823767],[-116.82083885484464,32.884160798799606],[-116.82742285427881,32.88611779822665],[-116.82933785734427,32.88765780046579],[-116.8304248575541,32.8892098022512],[-116.83587585516437,32.8891577989134],[-116.84028285689624,32.89171380020906],[-116.84412185894263,32.893205800487415],[-116.84921686028542,32.89290480049842],[-116.85466686047648,32.89134479815762],[-116.85741685926844,32.88993379641637],[-116.85862786013183,32.88820479779267],[-116.85949086025035,32.885872797104334],[-116.86142987785229,32.882580784612834],[-116.86737886036184,32.87844279505176],[-116.86998786187152,32.87723479600506],[-116.8755058636487,32.87692079652212],[-116.8847408652582,32.87168979378432],[-116.89040081995739,32.87064162209516],[-116.89356952152839,32.870866219890196],[-116.89360586467225,32.8674357930655],[-116.89809086402786,32.8640107906953],[-116.90059185975583,32.859895789982644],[-116.89928586660146,32.85846478989131],[-116.89492386687131,32.85706678994219],[-116.89373686387249,32.856211791871445],[-116.8932398633427,32.8549667923689],[-116.89330986519839,32.851736793153364],[-116.89251886426248,32.85049779012391],[-116.88778686388356,32.848217792617234],[-116.88477386163348,32.84811379058719],[-116.88368786221365,32.847728791096706],[-116.88301686202301,32.84711578935971],[-116.88105786066195,32.843407789327024],[-116.88015386035109,32.84354379221992],[-116.8799408615527,32.841466791395646],[-116.88109986066144,32.84054579065543],[-116.88075986170468,32.83946478983176],[-116.88089786018182,32.83748978989558],[-116.8811808612368,32.836541789760126],[-116.88225586198871,32.835065789406855],[-116.88245886116178,32.83123578924085],[-116.88203385870193,32.83055178870903],[-116.879909862089,32.830389789561465],[-116.87847786130367,32.82724978817829],[-116.8786848605958,32.825204787674934],[-116.87797285930593,32.824642788389816],[-116.87721283181507,32.824956242429224],[-116.87694305299168,32.82279908280952],[-116.87716495321258,32.82220253523289],[-116.87814729981176,32.82141846353928],[-116.87922296847262,32.82124836434494],[-116.88040507946107,32.82168321619715],[-116.88136051541022,32.82146286072347],[-116.8821612970722,32.82164942539613],[-116.88500948925528,32.823456498490394],[-116.88668943629665,32.822947207526845],[-116.88922013339692,32.82385438457696],[-116.89023477582315,32.82334747584878],[-116.88976177773046,32.821915924523466],[-116.89054382340862,32.821889132436446],[-116.89156986485045,32.821355785561025],[-116.89259086151742,32.817610786644124],[-116.89278386201514,32.8118827865688],[-116.89368786109317,32.81009178662483],[-116.89253086047353,32.80433678509843],[-116.89302786072206,32.80342078649874],[-116.89253085943729,32.80268778647709],[-116.89291651761292,32.78533552818057],[-116.88988785819565,32.78543078192248],[-116.88892885709757,32.78815778344392],[-116.88758585759247,32.78846978433676],[-116.88315985757276,32.785588784494784],[-116.87703685752939,32.78291878304799],[-116.87326685602494,32.780655782836526],[-116.86857485479472,32.77905878498357],[-116.86707484940139,32.779337783642035],[-116.86549585077914,32.780195782804874],[-116.86143684838832,32.78042378443351],[-116.85870484912151,32.781576782896344],[-116.85676385238015,32.7820197834801],[-116.85450685050866,32.781920785355176],[-116.85240184929759,32.78141378369651],[-116.85135784776968,32.77493178467042],[-116.85064784948185,32.77411578401177],[-116.84956085133395,32.7737767844146],[-116.84817084796593,32.77383578456808],[-116.84733785147155,32.77309878344558],[-116.84711184468506,32.77137478238343]]]}},{"type":"Feature","properties":{"name":"ALPINE"},"geometry":{"type":"Polygon","coordinates":[[[-116.8159128456185,32.7702587833658],[-116.81216584437149,32.771008786915395],[-116.81189784188874,32.7706037861345],[-116.81090784244762,32.77104078534702],[-116.81066284535129,32.771285785957225],[-116.81110584471917,32.77151778646618],[-116.80953384152204,32.77254078729099],[-116.80735984245392,32.77238678626617],[-116.8069048426056,32.772798786034755],[-116.80688484280236,32.77427278567399],[-116.80659184461865,32.77448678462644],[-116.80323284302399,32.77422278494935],[-116.8033248429087,32.77302378717924],[-116.80003084185054,32.77192978652553],[-116.79884684054755,32.772017785804785],[-116.79829284168562,32.77272078783096],[-116.7963728417873,32.77296878618273],[-116.79520084173707,32.773455785460115],[-116.79416852491106,32.773421330144906],[-116.79333700534112,32.7745467710777],[-116.7926539954555,32.77717491862101],[-116.79103651125914,32.778565638786425],[-116.79399284041503,32.78270478816045],[-116.79355084116395,32.78364878897496],[-116.79182784333332,32.78472778690259],[-116.78356084195063,32.786612787676056],[-116.78058484068117,32.78652278859304],[-116.77799983721066,32.785732788563756],[-116.77531283769078,32.785473789931864],[-116.77449384080718,32.78654378796283],[-116.77316683943305,32.78734679034522],[-116.76534683736631,32.78622978901151],[-116.7644408388338,32.786959790096624],[-116.76032083785945,32.79448379391436],[-116.75969483602745,32.79495279072921],[-116.75739183757902,32.793905789529795],[-116.75621683513502,32.79379479134977],[-116.7506888353802,32.791859792553765],[-116.7500678355368,32.7934707906747],[-116.75124383446004,32.79607979211697],[-116.75116183348119,32.797652793217416],[-116.74857883543231,32.800274795838654],[-116.74689983691931,32.800951792554734],[-116.74633283705485,32.80149079177721],[-116.7461128360081,32.80234879267066],[-116.74641383448504,32.80485079407236],[-116.74579583556904,32.806060792436696],[-116.74291683247183,32.8063587934366],[-116.74303583470824,32.80784979411683],[-116.74255483375896,32.80861979468816],[-116.74340183433705,32.80985079324759],[-116.74313583321273,32.81110979341829],[-116.74334483455706,32.81251779492085],[-116.74306483606624,32.81304579555344],[-116.74111883514489,32.814184793683516],[-116.73851383401987,32.81452679601809],[-116.73820083453006,32.81378979339336],[-116.73876783519285,32.81292679669116],[-116.7386238339067,32.81247079436684],[-116.73705483101575,32.81246579344817],[-116.7330808335072,32.81019579290832],[-116.73175883338048,32.81021279312544],[-116.73128483232605,32.81118579568891],[-116.72959783415222,32.811458794258925],[-116.7274828284598,32.81259079593788],[-116.72604282875295,32.81247479477335],[-116.72423883264281,32.812876795709194],[-116.72270183214728,32.81233279511348],[-116.72192082570838,32.81273979529458],[-116.72195982845264,32.81218479572143],[-116.72130883034993,32.811887796057015],[-116.72204483027915,32.81180479681294],[-116.71822182983797,32.811481795486706],[-116.71741383051628,32.811074793940755],[-116.71671182986711,32.81236179539562],[-116.71393783093781,32.813027797281855],[-116.71313683074574,32.81530979729939],[-116.71050083023297,32.818141797672205],[-116.70673682859292,32.81961679647326],[-116.7038458286775,32.82192579620354],[-116.70199582863313,32.821948796668345],[-116.70102582861317,32.82154179840184],[-116.69705982610337,32.82160779723057],[-116.69478682768609,32.822097799295534],[-116.69173882732458,32.82047579636337],[-116.68988282531377,32.820381797021035],[-116.68909482629192,32.81977679884957],[-116.68872982445842,32.82070679830632],[-116.68816382699119,32.82093179939556],[-116.68580582477472,32.8212177998745],[-116.68460082623855,32.82102479821922],[-116.6824388242301,32.82175679735977],[-116.68092182627223,32.82324679712067],[-116.67771082371686,32.82367479974232],[-116.67728082464018,32.825099799130136],[-116.67626482358571,32.82651779791701],[-116.6750078249041,32.82648479835486],[-116.67350982603074,32.827204799102454],[-116.67196582408833,32.826956799953415],[-116.67141182484413,32.827171800020984],[-116.67280582258341,32.82945979967542],[-116.67379582234629,32.830366799668916],[-116.67406282247264,32.83121980000556],[-116.67372382566768,32.83146080172019],[-116.6739838239509,32.833050799278666],[-116.6755078246018,32.83500780084171],[-116.67661782521435,32.83586580080865],[-116.67658282368821,32.837856800466255],[-116.68109080805655,32.83836380193559],[-116.68123682638387,32.839784800598785],[-116.68187982480879,32.84063980096488],[-116.68378982722679,32.84180080096928],[-116.68750282622652,32.842414800906475],[-116.68742582796831,32.843511801881085],[-116.69366682637877,32.843535800797326],[-116.6937968301712,32.84207379973455],[-116.70155583103009,32.84200580018915],[-116.70139583005484,32.838331800532494],[-116.7108688321937,32.83820579803946],[-116.71107383204415,32.84909680098535],[-116.70681883056629,32.849131799584235],[-116.70664983021723,32.85648080354675],[-116.70251083196976,32.856516800451125],[-116.70285683349405,32.866466802770205],[-116.69872082916798,32.86646780320647],[-116.69836183147419,32.86350380117566],[-116.6948428295167,32.86360280148925],[-116.694654830632,32.864235802512134],[-116.69568383052203,32.8664568030247],[-116.69591383243073,32.86928080202211],[-116.69810083205154,32.873853805034884],[-116.71929783489821,32.874254803349366],[-116.71956183591524,32.88909680446407],[-116.72791883915882,32.888364804436044],[-116.7552578441909,32.88819180096016],[-116.7552458435593,32.87405080405831],[-116.77252484555952,32.874020800059974],[-116.77277184622517,32.881777802372085],[-116.78775484719431,32.880922800452126],[-116.78839684684385,32.87985479976187],[-116.78793184983807,32.87909180075258],[-116.78851984716827,32.878694797963945],[-116.78836684586851,32.87718079855801],[-116.78906084834486,32.87712680076851],[-116.78880884811252,32.876592798667296],[-116.78944084673213,32.87618879782142],[-116.78997084746162,32.88835679958712],[-116.79226085042126,32.88612680211179],[-116.79432984898231,32.88344980175988],[-116.79362984891736,32.88277680107761],[-116.79324284964302,32.88162479955953],[-116.79299984860836,32.87812080088944],[-116.7933568468253,32.875055800037316],[-116.79412684630147,32.87353579798781],[-116.79524884799827,32.872220798847096],[-116.79488584728452,32.868352798437364],[-116.79677884639251,32.866939799931764],[-116.79805684920633,32.86522979906343],[-116.79801784772198,32.86435079759632],[-116.798936849157,32.86225579636323],[-116.7990148484736,32.86039679656265],[-116.79991484922195,32.859263796539075],[-116.80186284873515,32.85768579631559],[-116.80271584664834,32.856080796339135],[-116.80274284916308,32.855233795461636],[-116.8039148480077,32.85495879660363],[-116.80386285067524,32.85424979451782],[-116.80467785035901,32.85331479542204],[-116.8052248479913,32.85141779542858],[-116.80463184952941,32.85044979705612],[-116.80594884761807,32.8484427952906],[-116.80532884666133,32.84840479454342],[-116.8071351916174,32.847673325566895],[-116.80672288138351,32.84720230751009],[-116.80664027737923,32.8458726491576],[-116.80814485172371,32.84546207941626],[-116.80825503652926,32.84466186421645],[-116.80937017667326,32.844660107087535],[-116.80881584938417,32.84276779508952],[-116.80757584782152,32.841738793828576],[-116.81443485131267,32.83356679426492],[-116.8163897975006,32.829953887689214],[-116.81360809961583,32.829969601736174],[-116.81277083016454,32.829360514956406],[-116.81103284784663,32.825410793428055],[-116.80921584972158,32.82482379511665],[-116.8088358471079,32.82373179323086],[-116.8079468469413,32.82304079267069],[-116.80675784518117,32.82294779451965],[-116.80641584798393,32.82239579560612],[-116.80677685114102,32.81897379125099],[-116.81003384704198,32.818460794707704],[-116.80984384751412,32.8165117925781],[-116.80927784237825,32.81491379119886],[-116.80949084760243,32.81326978908154],[-116.80926784350127,32.81224678922652],[-116.81233784399296,32.807729788978385],[-116.81387584411694,32.80702478801557],[-116.81701484832493,32.80420379016159],[-116.81944984528074,32.80368079125993],[-116.82148784657664,32.802140788981035],[-116.82384484608616,32.80088178904913],[-116.82492485044067,32.798747789245006],[-116.82815384588555,32.79578378663576],[-116.82875284951507,32.79347378690288],[-116.82858843200721,32.79020326925855],[-116.82395643473679,32.790260744939616],[-116.82376410770466,32.77215880617191],[-116.818828846965,32.77175878604127],[-116.8159128456185,32.7702587833658]]]}},{"type":"Feature","properties":{"name":"RAMONA"},"geometry":{"type":"Polygon","coordinates":[[[-116.92645587379137,32.91638379680318],[-116.92320787246896,32.91855579593734],[-116.92224087391145,32.92281279856517],[-116.92223887412622,32.925536798376555],[-116.92061087528865,32.928386798269244],[-116.9188978761582,32.929756797907324],[-116.91801987363093,32.93036579935029],[-116.91607587484752,32.93054680020831],[-116.91224287207956,32.928737799999],[-116.91047887232388,32.928523799466326],[-116.90828187298514,32.929295799014724],[-116.90645087176273,32.93104880148827],[-116.90709487300396,32.9333108016508],[-116.90988887084731,32.93999579906318],[-116.90966287292167,32.94088280089079],[-116.9074818738178,32.94198980266967],[-116.90528087149134,32.943875803769004],[-116.90520087470145,32.94553080177639],[-116.90466887259427,32.946539800720934],[-116.90547687548663,32.947804802125816],[-116.9062778725383,32.951797801694546],[-116.90699487241557,32.95253980325255],[-116.90717087501119,32.953243803747824],[-116.90582687349837,32.954557802329106],[-116.90400587274816,32.955420802869206],[-116.90354287281211,32.95741680352743],[-116.90108287493432,32.95921380455243],[-116.89736087237375,32.96325380513082],[-116.89629587155005,32.962831802760256],[-116.89530187076285,32.962949803033844],[-116.89103887240672,32.96563580313713],[-116.8894808702219,32.965293803808535],[-116.88858487109563,32.96454980357191],[-116.8872558728103,32.96457980539225],[-116.88530497609692,32.96579675039246],[-116.88447887079242,32.966999806103594],[-116.88316786933292,32.96780880473987],[-116.88063586995708,32.96807480438841],[-116.87933686924053,32.96923580685724],[-116.87903187315894,32.96897580608235],[-116.87924687147893,32.96807580371569],[-116.87735386982025,32.96862380608063],[-116.87689686855401,32.96773380514094],[-116.87506386936218,32.967610804388656],[-116.87263987113623,32.96688680565545],[-116.87180687019978,32.967170813489474],[-116.86999886638905,32.96560580405607],[-116.86651486657416,32.96359480623152],[-116.8647468699278,32.963808802114706],[-116.86276886820332,32.96300780574688],[-116.86214686731068,32.96353080732036],[-116.86134186701564,32.96356480471512],[-116.8605788656025,32.96217280687712],[-116.85981786545226,32.961997807374466],[-116.85565086613128,32.962374806223245],[-116.85427786518099,32.96094780708944],[-116.85246086463421,32.956945804192245],[-116.85293186542269,32.95581980598781],[-116.85280886301778,32.9553368045485],[-116.85023986268715,32.95535480531123],[-116.84970386455018,32.95571680673797],[-116.84908286602376,32.95641880752967],[-116.84895086312193,32.95807880515564],[-116.84849486442536,32.95910680570084],[-116.84860886550477,32.96295480669535],[-116.84080086233725,32.96381380855008],[-116.84134745069879,32.97279157348714],[-116.84131925437818,32.992893067952394],[-116.81718786120429,32.99237081220031],[-116.81853386124666,32.98259481008425],[-116.81216286030394,32.97597081201468],[-116.81132085849065,32.97608480912025],[-116.81145285823668,32.97851581041181],[-116.80637485879753,32.978621811179266],[-116.80627332395014,32.963942249131904],[-116.79751486778933,32.963827745611646],[-116.79723592963165,32.97121442807345],[-116.78753485514416,32.971363811640096],[-116.78705484911642,32.972766811715566],[-116.78515885275864,32.97331980922242],[-116.78400485200515,32.97401181006563],[-116.78395985232682,32.97457781188915],[-116.78290385241024,32.975772811664804],[-116.7822248536507,32.97597081054751],[-116.7821338513778,32.976754812218715],[-116.78165785453729,32.976647812101895],[-116.78048984960286,32.97725481396339],[-116.77910285409106,32.977261811754],[-116.7785718533535,32.977677812103956],[-116.77777784815409,32.977702810676725],[-116.77771917674679,32.97867881283814],[-116.77114712858807,32.97864704766814],[-116.77114185303522,32.97815581126688],[-116.76306785229848,32.9784418133115],[-116.7539558491544,32.97763581389126],[-116.74078684771379,32.97767981209737],[-116.74307084761988,32.980165813515676],[-116.74371884885285,32.981443813387145],[-116.74344484615627,32.98237481297174],[-116.74196384521359,32.98393881346382],[-116.74114084605888,32.985460816854825],[-116.7405378489473,32.99003881564383],[-116.73882084850558,32.99138081457657],[-116.736058845851,32.99167081550454],[-116.73516684854408,32.99362381816325],[-116.73258784788933,32.995809817593624],[-116.7316878449518,32.99843881679732],[-116.73018484611971,33.00045581645333],[-116.72971184784572,33.002279817317444],[-116.72735384586669,33.00382781789806],[-116.72715484818328,33.006749817186034],[-116.72561384728864,33.008100817429764],[-116.72590384755375,33.010167820616736],[-116.72459984797524,33.011979817800814],[-116.72469884512219,33.01238781800768],[-116.72643084649417,33.012818817624144],[-116.72588084641772,33.01558081879366],[-116.72591784832325,33.01694781839189],[-116.7277018450374,33.01945681963154],[-116.72927584910609,33.02532081934812],[-116.72997485046137,33.02588181979083],[-116.73007784726582,33.026642821300406],[-116.72949784659805,33.02920682053514],[-116.72985685065312,33.03007282076235],[-116.72969585011364,33.03174282082353],[-116.73013884909314,33.03260182087305],[-116.72799484843408,33.03640482018734],[-116.72773484837658,33.038212822263496],[-116.72664384919086,33.03865882202538],[-116.726636846579,33.04098982066446],[-116.72636885034018,33.04176782327516],[-116.7258198472684,33.04217982231156],[-116.72580484892092,33.04317882235044],[-116.72349284724906,33.044887821994436],[-116.72330584802928,33.04521882276428],[-116.72359984899595,33.04581782349745],[-116.72187584865405,33.04785982382219],[-116.7212398478051,33.04983682336168],[-116.7217198482094,33.051557823954575],[-116.72599884832158,33.052504823807254],[-116.72163484976787,33.05280682390358],[-116.72148684630888,33.05244682294001],[-116.7200778500693,33.05387882533541],[-116.7192608491709,33.05687082551876],[-116.71927085072966,33.05791082564601],[-116.7196698481327,33.06205682543508],[-116.71947884830224,33.063885824116795],[-116.71980584870815,33.06513682668894],[-116.71953684873222,33.065715824605775],[-116.72045685019698,33.067561824649644],[-116.72039888988682,33.06998610856201],[-116.71966285177137,33.07120382589828],[-116.71829385054967,33.07584482635582],[-116.71728685202461,33.07779882745337],[-116.71455884989236,33.08161882657095],[-116.71311884918923,33.082538829183065],[-116.71365984910531,33.08359482993226],[-116.7171028501657,33.08467582687384],[-116.71843584933218,33.08409682952278],[-116.72193185317363,33.08398982920482],[-116.72170085031226,33.0860798290946],[-116.72290785225961,33.08646282840803],[-116.72537285357812,33.08580982784142],[-116.7259118525524,33.08592582718865],[-116.72617584779118,33.08638182877571],[-116.7258008513618,33.086661829905914],[-116.72659885400972,33.08712782669152],[-116.7266598525466,33.08783982812664],[-116.72724685235663,33.08872183004655],[-116.72758885222191,33.09084082789122],[-116.72704784951243,33.092077827258045],[-116.7273838540931,33.094057829073165],[-116.73009985432955,33.09447383038414],[-116.73150385314469,33.097902828390545],[-116.73322785412387,33.10040182917803],[-116.7337398549384,33.10222182866913],[-116.73491485483108,33.10257982893629],[-116.73742485652633,33.104311829931405],[-116.73903485627326,33.10474982842216],[-116.7386608555739,33.10639482781319],[-116.73985085451429,33.10758382885637],[-116.73938585737515,33.108545830888914],[-116.74053685621028,33.110029830942395],[-116.7417808569121,33.110666830149164],[-116.75249985904192,33.114107829360016],[-116.754537859245,33.11345183332664],[-116.75504886042742,33.11171183035593],[-116.75737286110292,33.11053182967721],[-116.76029786132173,33.109678831528846],[-116.76132186136326,33.10815783278835],[-116.76355286033542,33.10640583033769],[-116.76416185812862,33.104220829233086],[-116.76523086070571,33.103480827876716],[-116.7671808601027,33.102703826885445],[-116.76899086009153,33.102433827496185],[-116.77437086191588,33.10236582571558],[-116.77752586431194,33.10178582732902],[-116.7795658609653,33.102296826015696],[-116.7803058632997,33.102883826753974],[-116.78080986147242,33.10569582690098],[-116.78191986117947,33.10694682800502],[-116.78362786519716,33.11007282772465],[-116.78588386401972,33.11543982885425],[-116.78647486638103,33.11898982824014],[-116.78578886448443,33.12045082932721],[-116.78764186467139,33.12304082816749],[-116.78858886704488,33.1234718296488],[-116.78993886652374,33.12341482882937],[-116.79152586433536,33.1219768265736],[-116.79300586811519,33.12384982989514],[-116.79456986810158,33.124932828019624],[-116.79617186854807,33.12417782782763],[-116.79976586688456,33.12347882862646],[-116.80239786815443,33.123582828383675],[-116.80388586816986,33.125046829443676],[-116.80580086899427,33.125378829048024],[-116.80679287024353,33.125874828734666],[-116.80767786838581,33.12517282991025],[-116.80732686941099,33.123066829264076],[-116.80792186924886,33.12180082788006],[-116.81002786853342,33.12166382869958],[-116.81455186915242,33.12290682592481],[-116.81653587014482,33.121403827955604],[-116.81710087090217,33.12040782735995],[-116.81816887059223,33.120122827237026],[-116.81880186858335,33.12028182671864],[-116.81949587139815,33.12127482878014],[-116.82021286982136,33.122856829190866],[-116.81993886958057,33.12363182807419],[-116.8202668706063,33.124561826280484],[-116.82292187258936,33.1252528270376],[-116.82557687199858,33.12479182751585],[-116.82830087115087,33.12484482636123],[-116.83077287232797,33.124084827944934],[-116.83248887414217,33.12435982717057],[-116.83602887544187,33.123787826778965],[-116.837616872202,33.12260182497212],[-116.84012687234065,33.1213998269301],[-116.84081387544245,33.11990082746987],[-116.8436288740388,33.118352824313135],[-116.84538387495483,33.117833825015815],[-116.84823687645645,33.118290826040095],[-116.85093787480953,33.12002682678565],[-116.85288387568406,33.12017182667975],[-116.85424887675721,33.1193938259711],[-116.85476787529954,33.118069826892544],[-116.855522875971,33.113362824838426],[-116.85402787470444,33.10919282416761],[-116.8545548762907,33.10795782265782],[-116.85575187486337,33.10655682228845],[-116.85704987579135,33.10598882350719],[-116.85978787870691,33.10614082331689],[-116.86107787708288,33.106415823169456],[-116.86247387585037,33.10731182186837],[-116.86389287784009,33.10758382433589],[-116.86474787539717,33.10748782324042],[-116.86554087748354,33.10688582303695],[-116.86839487675884,33.10702282245527],[-116.86875287908651,33.10664082363888],[-116.86921087742782,33.10484482300554],[-116.87049287738623,33.103837822729645],[-116.87143887750078,33.10258982392941],[-116.87386487961335,33.10220082046885],[-116.87637487908385,33.10086982131817],[-116.87756588046466,33.10072882197571],[-116.87864887903557,33.10019782196263],[-116.87917487967438,33.09964882164825],[-116.87954887974628,33.09801982081814],[-116.88096888008711,33.09764682063756],[-116.88154788063834,33.096143819840336],[-116.88346287873111,33.094681820604784],[-116.88743088122354,33.09443882077618],[-116.88828488078623,33.09336982095995],[-116.89245788232516,33.092747819916376],[-116.89273288029057,33.091901820301715],[-116.89245888100322,33.09041381987588],[-116.893449878838,33.08994081910133],[-116.89459488308214,33.09019982025879],[-116.89673888342413,33.0921608187818],[-116.89729588456863,33.09210781897854],[-116.89755487765142,33.09133682017381],[-116.89729587917294,33.088853819262546],[-116.89795988144712,33.087765818651064],[-116.90025588168629,33.08810581925699],[-116.90130888136314,33.08859081882266],[-116.90247587803198,33.08980781932142],[-116.90418488152315,33.08908282035726],[-116.90564988231922,33.0899178191248],[-116.90651188435638,33.08995181837148],[-116.90857188376239,33.08863581766516],[-116.91050288410761,33.08851381838663],[-116.91059388406126,33.08743481750811],[-116.91176888427124,33.08632081826925],[-116.91285988511339,33.086304817871955],[-116.91378288504916,33.08683581830021],[-116.91439388514294,33.08669081738723],[-116.91501888436,33.087022817752654],[-116.9158818846903,33.08687781812799],[-116.9180408859464,33.08485581724136],[-116.91941388528586,33.084901816814146],[-116.91957388608843,33.08397481634785],[-116.92044388569781,33.083276816018156],[-116.92039788683736,33.08283781687247],[-116.92070688575639,33.08281581757203],[-116.92126288617442,33.083215816148375],[-116.92144288584598,33.0844388171479],[-116.92289788635932,33.0860238165077],[-116.925343887145,33.08572481760622],[-116.92697488686579,33.08664781681712],[-116.92952388836093,33.08740881704616],[-116.93019688814454,33.08714381684611],[-116.93056188751939,33.086220816974475],[-116.93116788767577,33.08589981677115],[-116.9334168892064,33.085739816688886],[-116.93556388883756,33.08622481666173],[-116.93717588897121,33.08756381613728],[-116.9381028901154,33.0903398163383],[-116.94170489054454,33.09139981709386],[-116.94339489051161,33.091027817090364],[-116.94625989074746,33.08952281614705],[-116.94670089139649,33.087785816519784],[-116.95495789185195,33.087741815588274],[-116.9549148927808,33.08602481549257],[-116.95576789265792,33.08541581574446],[-116.96053989227069,33.0847648154079],[-116.9628498929281,33.08390081389891],[-116.96914089406401,33.08264381472238],[-116.9700888939188,33.08214481399271],[-116.97229189572397,33.080227814312366],[-116.97355989541711,33.07852681309097],[-116.9746278955581,33.07527781306793],[-116.9777328955946,33.07369881288244],[-116.97430189348898,33.06983681240247],[-116.97351589420906,33.06813181213505],[-116.97263889425966,33.0672318126371],[-116.97238689373553,33.06490181138919],[-116.97150189346117,33.06422581130148],[-116.97097489310495,33.06274281186499],[-116.97118689294226,33.05673781066924],[-116.97041089241097,33.05439781102322],[-116.9701268926777,33.051430810535535],[-116.97108489200103,33.04741181027265],[-116.9738218921205,33.04507080895808],[-116.9741368917046,33.044437809944284],[-116.97144789244582,33.042852809093624],[-116.97135389176904,33.04165780932365],[-116.97239489176928,33.04041080937873],[-116.97098689129592,33.03953180881796],[-116.97133289206137,33.03871180840862],[-116.97100189215473,33.03847880874223],[-116.9715288918159,33.0376868091657],[-116.97139289194862,33.03706580885982],[-116.9735738913146,33.036394808500006],[-116.97393789099901,33.03501380840469],[-116.97374389174715,33.03432180911336],[-116.97404789211016,33.031956808632216],[-116.9734848905684,33.03110380838213],[-116.97228489122872,33.03017980808455],[-116.96983789048583,33.02978380770165],[-116.9660108904917,33.0311028087954],[-116.96460789067844,33.03201780876579],[-116.95872788870349,33.033144808875484],[-116.95752088711198,33.0297848095683],[-116.95708288741265,33.02643280832811],[-116.95492688608857,33.022969808674794],[-116.95333388716489,33.01879180696844],[-116.95316488582532,33.013109807561904],[-116.95285988623198,33.012334806929246],[-116.95367588590005,33.01194080683271],[-116.9543478869743,33.01108880690577],[-116.95620188678275,33.00555880537051],[-116.95776888532274,33.00317280607121],[-116.95834488664264,33.00008280419205],[-116.95916088615036,32.99912180496215],[-116.96106788697212,32.998459803776],[-116.9651098877424,32.99789780401522],[-116.96782288851381,32.99693780377821],[-116.9747978891271,32.995285803904395],[-116.97784688916626,32.99341280330614],[-116.97914289020613,32.99151280370411],[-116.97938988953128,32.98995680234035],[-116.97903688961911,32.98882880182497],[-116.97612388947607,32.98659480250671],[-116.9751968887938,32.98522880233841],[-116.97404688749573,32.98058880164324],[-116.97161788617908,32.97309880061238],[-116.97012888585824,32.97056480083388],[-116.97015688612173,32.96938080156065],[-116.97247888601521,32.96243180006669],[-116.97238388533597,32.960417800259926],[-116.96752988537519,32.952582798789614],[-116.96251888392608,32.94592179773942],[-116.96121588236609,32.94482479865138],[-116.95752188278816,32.94300679858801],[-116.9557778816383,32.94089879981207],[-116.9549888814262,32.941238798440175],[-116.9544078818548,32.94258179874062],[-116.95256388186588,32.942595798420854],[-116.95094888093473,32.943998798813276],[-116.95005988099754,32.943791798772786],[-116.94904888047857,32.94448179926361],[-116.9466568793859,32.94386079895606],[-116.94607388066548,32.944243800017894],[-116.94497287924031,32.944215800029724],[-116.94205787904534,32.94246379995254],[-116.94146987855324,32.94089479909272],[-116.94018187816495,32.939633798627085],[-116.94075987885351,32.93893779988746],[-116.9365898779179,32.93787879874807],[-116.93616887799315,32.93722379876482],[-116.93646187790551,32.936140799540766],[-116.93776587819991,32.93580479821757],[-116.93875087622419,32.9344087970951],[-116.93798787875947,32.93333579879735],[-116.93783787880054,32.932230797954006],[-116.9367458768404,32.930132797374064],[-116.93617387657255,32.927783796739575],[-116.93501087666542,32.925666798569125],[-116.93305687412757,32.92343379801476],[-116.93126187344299,32.920584798623004],[-116.92700787475376,32.917450795881244],[-116.92645587379137,32.91638379680318]]]}},{"type":"Feature","properties":{"name":"SAN DIEGUITO"},"geometry":{"type":"Polygon","coordinates":[[[-117.25682693660053,32.97937078715657],[-117.24645793505864,32.98129478951602],[-117.24054593314384,32.98074578820561],[-117.2356489331939,32.98107178901494],[-117.23156493401628,32.98256379415323],[-117.21860493024745,32.9840617898352],[-117.2177579304852,32.98452878965782],[-117.21722793047009,32.98526478988447],[-117.21698092887972,32.989662791068156],[-117.2158819298143,32.9914507912903],[-117.21345892791952,32.99366779049197],[-117.21009792860445,32.99524379200807],[-117.20894692980451,32.9968307911777],[-117.20721092921625,32.997748792971834],[-117.2065969289695,32.99935579295252],[-117.20550592902771,32.99936279280162],[-117.20395692949563,33.00265479247004],[-117.20188792853115,33.00336379342544],[-117.19927992770394,33.003647792707866],[-117.19739092854256,33.004582793188526],[-117.19510792827832,33.00636979335517],[-117.19405792790283,33.00659779349277],[-117.19226292803016,33.00821479395635],[-117.19140792764117,33.01104679425043],[-117.18975692737737,33.01265779455072],[-117.1874069275602,33.012861795353196],[-117.18642792820184,33.01328479664916],[-117.18491392666438,33.013196796993896],[-117.17986892581595,33.01151379581503],[-117.1742629241642,33.01045179610716],[-117.17387192461806,33.010847796197865],[-117.17420092453315,33.01147679493006],[-117.17302992345134,33.01236879507167],[-117.17424292620754,33.01205779765911],[-117.17452392419935,33.01293779728386],[-117.17718092388964,33.015344795020816],[-117.17830892456706,33.017716795516],[-117.17813892284654,33.01917879488643],[-117.17631792571947,33.02220379583864],[-117.17527992492224,33.023247798407894],[-117.17287292377507,33.023975797226434],[-117.17262892510821,33.02321579536553],[-117.17222792489743,33.02322279681051],[-117.17185892589522,33.02397879692234],[-117.16962692619343,33.024352797578885],[-117.16568992323845,33.02800279915704],[-117.16417492288606,33.02854179777846],[-117.16381592570411,33.02841379899674],[-117.16332892255436,33.02929779743114],[-117.16367192530466,33.031235798386696],[-117.1627119233782,33.033308799614105],[-117.16039992465893,33.03563479826887],[-117.15702292471998,33.0413418009831],[-117.1560239220404,33.04207779970309],[-117.15321592371292,33.04288580119193],[-117.15154592129704,33.042688799871],[-117.14962591995413,33.041998799396715],[-117.14532291958402,33.0419048021599],[-117.14151791873071,33.04040180157533],[-117.13930491907986,33.04030180165073],[-117.13773691853619,33.04075280048398],[-117.13420291936744,33.04054680101122],[-117.13282791926238,33.04107480053849],[-117.13184791849153,33.041832800797486],[-117.13153391880965,33.042685801176816],[-117.12885591953665,33.04498280183677],[-117.12891391845403,33.045537801595756],[-117.12067591775168,33.04823880169597],[-117.11857591822469,33.050035803284096],[-117.11557491718636,33.0558278035006],[-117.11704291896524,33.0630078046528],[-117.12012591937267,33.06253280452187],[-117.12019591852042,33.06279080338036],[-117.12325191925075,33.06142780425173],[-117.12444790408449,33.06172980280303],[-117.12437091870027,33.06250880374685],[-117.12663891912118,33.06277580365253],[-117.1295669184785,33.060857803181285],[-117.13516991864444,33.059456803383476],[-117.13720392184761,33.05982480181925],[-117.13912692337315,33.063075804653366],[-117.14324392081139,33.064877802339765],[-117.14394392300942,33.06620880392944],[-117.14457392423866,33.065730803088],[-117.14636992229352,33.06521980286925],[-117.14750592569644,33.06562180177802],[-117.15015092485716,33.06530280291268],[-117.15084392480145,33.06478680255124],[-117.15289392477796,33.06440780198534],[-117.15461892373096,33.06331980258439],[-117.15750492517833,33.06412880275708],[-117.15804692505603,33.06396880571318],[-117.15837392737659,33.06343080378987],[-117.16045092621519,33.06264980374156],[-117.16182792684796,33.0627818037179],[-117.16249392533676,33.06326080274978],[-117.16339592685539,33.06216680270685],[-117.1638589282258,33.06233680240656],[-117.16408792694729,33.06290380115422],[-117.16541392499269,33.06292080627139],[-117.16664092612282,33.063745803193875],[-117.17236792844878,33.06364180131819],[-117.17191692548577,33.065180800547324],[-117.17023192837509,33.06686380189502],[-117.16980092787658,33.06866680082337],[-117.17009392845365,33.069667804274665],[-117.16973492775801,33.07052080180646],[-117.16799792780277,33.071119802944104],[-117.16535292881869,33.07109680325506],[-117.16431392812763,33.071580802613155],[-117.16334892708876,33.07283380284081],[-117.16474992664327,33.074803803340906],[-117.16419692819065,33.0761408043378],[-117.16419992524399,33.07717680242666],[-117.16501292796305,33.07794080330791],[-117.16580893310645,33.07948581752758],[-117.16507396726705,33.08257716354451],[-117.16516392975814,33.08325880430334],[-117.16566892663387,33.08364980415539],[-117.1653459287889,33.08479480338471],[-117.16453492787731,33.08574080453505],[-117.1650189285674,33.086969804420654],[-117.16483092789164,33.08850880571988],[-117.16591193008844,33.08960880494497],[-117.16612192990927,33.090774805820466],[-117.16654793007207,33.09130380450309],[-117.16892792831062,33.09156680511073],[-117.1692169283937,33.09217980440063],[-117.17031292918304,33.09261180580289],[-117.17043392840272,33.09346180474809],[-117.17163293211522,33.094759805362905],[-117.17239792843404,33.09753780688093],[-117.17302792840044,33.097551805255144],[-117.17394692927863,33.09697779334659],[-117.17659893161463,33.09703180607628],[-117.17932893148027,33.09573980498961],[-117.18260093333798,33.095849804902755],[-117.1851809338057,33.097477804907896],[-117.18586893292789,33.09935980521954],[-117.18659093148881,33.09932280403422],[-117.18771293285472,33.10024080740272],[-117.18919693539641,33.10084580493281],[-117.19334593479935,33.099625805141066],[-117.19497293606915,33.098355805165134],[-117.19614193268949,33.09837280331377],[-117.19810793457732,33.097327804487996],[-117.19982893575018,33.09782380362968],[-117.20273793611719,33.09533880306391],[-117.20534338191202,33.09407198897204],[-117.20680028057625,33.09442951727533],[-117.20808781305408,33.095416171976915],[-117.2080874667691,33.09508562518843],[-117.20847544316034,33.09508530887428],[-117.21280693583724,33.09878280242833],[-117.21454793961756,33.099683803895964],[-117.21687693813656,33.10010280261454],[-117.22190193993629,33.09998880331931],[-117.2222209396838,33.09782180419691],[-117.22411376417958,33.095140962836936],[-117.2257389671724,33.09512906747773],[-117.22677793761295,33.09365780375506],[-117.22737194021838,33.09215580166395],[-117.23151993838076,33.08645280032611],[-117.23591194730493,33.08270380942819],[-117.23793494165432,33.08045479872254],[-117.24047194217547,33.073938798928566],[-117.24483594042505,33.07033979967127],[-117.24685994035232,33.068191799054176],[-117.24888994022936,33.06738979743741],[-117.2579329434053,33.06697679814089],[-117.2604469456589,33.067063797852235],[-117.26222794486655,33.06758979713753],[-117.26281594344614,33.07395079807077],[-117.2651969432161,33.07747979931869],[-117.2662599448773,33.08105779814781],[-117.26852894491878,33.08538879938363],[-117.26940313859194,33.09030106412222],[-117.27868705501452,33.090379807213644],[-117.29605695532577,33.089613175149175],[-117.30018797428325,33.089177114905404],[-117.30121275464907,33.09089571578069],[-117.30328235165837,33.09029128371394],[-117.30490725047379,33.089109334006885],[-117.30937876536052,33.088158660268675],[-117.31085995419573,33.088117798893784],[-117.31311047182771,33.08728500915919],[-117.31305099848223,33.08705829050367],[-117.31360145426648,33.08681069699888],[-117.31326675478635,33.08678399702276],[-117.31236015408273,33.08368689580837],[-117.31106096461517,33.07808409454602],[-117.30679618192565,33.067265487289035],[-117.30543845761686,33.06515303015471],[-117.30280766906417,33.058157510928545],[-117.3025710327982,33.058155367385986],[-117.30140728855406,33.0555888144242],[-117.29828844971344,33.04649459382568],[-117.29585345185475,33.03715589425304],[-117.29445118931847,33.03516648482526],[-117.29225076459434,33.034343240269614],[-117.2914016356456,33.033554070420614],[-117.2866882246928,33.02477764382194],[-117.28528985646157,33.021324235872044],[-117.28031155266294,33.01223088214936],[-117.27881157575978,33.006421460835924],[-117.27842050878748,33.00041070292599],[-117.27811999224744,32.99941156038115],[-117.2769217425742,32.997962062836436],[-117.27579758880192,32.99547895085135],[-117.27406325092433,32.98926214159823],[-117.27327982354504,32.98226747681355],[-117.2725377391149,32.98042274254864],[-117.27237054376775,32.98019930182582],[-117.26160693762864,32.980435787078726],[-117.25682693660053,32.97937078715657]]]}},{"type":"Feature","properties":{"name":"CARLSBAD"},"geometry":{"type":"Polygon","coordinates":[[[-117.25771094276003,33.06697779747297],[-117.24793394143235,33.06760179988899],[-117.24685994035232,33.068191799054176],[-117.24483594042505,33.07033979967127],[-117.24104393975466,33.073339800297],[-117.23993393959883,33.0748458009597],[-117.23793494165432,33.08045479872254],[-117.23591194730493,33.08270380942819],[-117.23151993838076,33.08645280032611],[-117.22737194021838,33.09215580166395],[-117.22677793761295,33.09365780375506],[-117.2257389671724,33.09512906747773],[-117.22411376417958,33.095140962836936],[-117.22233994070925,33.09756680515577],[-117.2218779402298,33.09929480344052],[-117.22236193973951,33.10147180327996],[-117.22457493883125,33.10415480436062],[-117.22461394110323,33.104683804859576],[-117.22485493971678,33.10455380432975],[-117.22513393854507,33.10525980523807],[-117.22544994015273,33.10645180462452],[-117.22553994003212,33.11077080320967],[-117.2267749397745,33.114124805632315],[-117.22661994031374,33.11538180645577],[-117.2259579420759,33.1166208051308],[-117.2230206688971,33.118802747965745],[-117.22988523145342,33.128929453113265],[-117.22987317369233,33.13121312849546],[-117.23126994209403,33.13086980555889],[-117.23307294522888,33.13407180703136],[-117.23387294473255,33.13470680714335],[-117.23768094499701,33.14181080908813],[-117.24044194613616,33.14542980788017],[-117.24123294675393,33.145337808856866],[-117.24125094459784,33.146857806093166],[-117.24225594531465,33.15104680748026],[-117.24150194745735,33.15705080744648],[-117.24204394584594,33.16155381005128],[-117.24288894642066,33.1627548083637],[-117.24569194825341,33.16483580989755],[-117.24768994821511,33.16758681022981],[-117.25103394969993,33.16984181030957],[-117.25308594972034,33.17346081075857],[-117.2536819488368,33.177762811059274],[-117.25744795195217,33.178446809237464],[-117.26266795275039,33.18109381060615],[-117.26691995204122,33.18167081187832],[-117.2681329537096,33.182605811745574],[-117.26949795345172,33.18222580894483],[-117.27047395383094,33.18296980915926],[-117.27325695235623,33.183009812221705],[-117.27600595613006,33.18422781168646],[-117.27737617870564,33.183680573845926],[-117.2784870628714,33.183750845368884],[-117.27951195449792,33.18509581286394],[-117.279571954931,33.187833810669076],[-117.2877779568535,33.18400580947932],[-117.29051295710956,33.18344980837439],[-117.29880396001847,33.18281780964523],[-117.30861195984241,33.17972980885525],[-117.31598796060702,33.18041080786466],[-117.3232849617174,33.182200807365355],[-117.32695196507403,33.181582807807025],[-117.32692096283681,33.18119580699915],[-117.3313529639808,33.179732806834565],[-117.34411296560877,33.17982880598572],[-117.34429996723414,33.176148806434966],[-117.34962696694987,33.17620580536475],[-117.34962196755085,33.1757538048036],[-117.3488839679532,33.17484880606597],[-117.34990096765395,33.17425280504199],[-117.35030296731937,33.17479280493431],[-117.3528319666656,33.17479180541195],[-117.35279396891046,33.16885680399704],[-117.35972796830332,33.168847803761516],[-117.35735496692313,33.166585803389566],[-117.35784596706343,33.16520980394169],[-117.35891668142251,33.16445299854974],[-117.35765740771538,33.16241992837859],[-117.35170151667452,33.15494002581491],[-117.34640429142759,33.14760248003962],[-117.34514864551757,33.14634537709188],[-117.34482136375628,33.145447701914584],[-117.34506906513916,33.145194201670215],[-117.34441936927026,33.145513327714546],[-117.34399911290348,33.145101223259005],[-117.34458346281308,33.14460230236404],[-117.34387298432313,33.144992821392606],[-117.34166550524401,33.14235711460035],[-117.3400677999121,33.139372481689236],[-117.34001346339684,33.13854870134734],[-117.34033296145094,33.138374101890555],[-117.33961820396766,33.13837365019478],[-117.34033896225543,33.13803430146056],[-117.33968626199913,33.1382160016473],[-117.3394075043078,33.137881415201015],[-117.33691580016554,33.13153168840552],[-117.33550602875638,33.12963886973385],[-117.32994045779772,33.124185199992525],[-117.32874306003647,33.12228950006422],[-117.32501245823363,33.115109700705325],[-117.31896825567893,33.10004749839259],[-117.31602075450905,33.093880796132176],[-117.31356935413896,33.08758099650009],[-117.31379055375476,33.08731459732776],[-117.31241995536962,33.087455798363806],[-117.31085995419573,33.088117798893784],[-117.30937876536052,33.088158660268675],[-117.30490725047379,33.089109334006885],[-117.30328235165837,33.09029128371394],[-117.30121275464907,33.09089571578069],[-117.30018797428325,33.089177114905404],[-117.29605695318645,33.08961317509772],[-117.27868705501452,33.090379807213644],[-117.26940313859194,33.09030106412222],[-117.26852894491878,33.08538879938363],[-117.2662599448773,33.08105779814781],[-117.2651969432161,33.07747979931869],[-117.26281594344614,33.07395079807077],[-117.26222794486655,33.06758979713753],[-117.2604469456589,33.067063797852235],[-117.25771094276003,33.06697779747297]],[[-117.2935674708839,33.12241757140937],[-117.29359359748703,33.122431700014474],[-117.29358882597388,33.122429148313806],[-117.2935674708839,33.12241757140937]]]}},{"type":"Feature","properties":{"name":"OCEANSIDE"},"geometry":{"type":"MultiPolygon","coordinates":[[[[-117.35891696752444,33.16445280394212],[-117.35784596706343,33.16520980394169],[-117.35735496692313,33.166585803389566],[-117.35972796830332,33.168847803761516],[-117.35279396891046,33.16885680399704],[-117.3528319666656,33.17479180541195],[-117.35030296731937,33.17479280493431],[-117.34990096765395,33.17425280504199],[-117.3488839679532,33.17484880606597],[-117.34962196755085,33.1757538048036],[-117.34962696694987,33.17620580536475],[-117.34429996723414,33.176148806434966],[-117.34411296560877,33.17982880598572],[-117.3313529639808,33.179732806834565],[-117.32692096283681,33.18119580699915],[-117.32695196507403,33.181582807807025],[-117.3232849617174,33.182200807365355],[-117.31598796060702,33.18041080786466],[-117.30893595888466,33.17969680872818],[-117.29880396001847,33.18281780964523],[-117.29004995729017,33.18350781033486],[-117.28534995844277,33.18491980886793],[-117.27957095494556,33.187867810975995],[-117.27949795815269,33.20479181247804],[-117.28171295665487,33.20408981289824],[-117.28494895618728,33.20409081168636],[-117.2849829574765,33.20724581190451],[-117.28360595687192,33.207574812572126],[-117.2787149557886,33.210005814561114],[-117.2672759565081,33.21907581588468],[-117.2624739561074,33.21930081504353],[-117.25783595483323,33.22118781562694],[-117.24499395266565,33.22113981788874],[-117.24632595304658,33.223553817241154],[-117.24660195261941,33.22616181743405],[-117.24727495288074,33.227928816356496],[-117.24875095307921,33.230030818459575],[-117.2499999532215,33.23323281685123],[-117.2510989608647,33.2342638131738],[-117.25087195243343,33.23498881642908],[-117.24868795436862,33.23563581707428],[-117.24671995405174,33.23686881806316],[-117.245638954767,33.23703981872196],[-117.24487395250414,33.237830819816885],[-117.24124295205355,33.237827818328206],[-117.24130494821159,33.23969881890266],[-117.24187595122635,33.24060381980961],[-117.2418529545953,33.24129482016636],[-117.2432219490672,33.24296881942069],[-117.24336595393635,33.245740817693225],[-117.24300195401764,33.246644818347264],[-117.24109295283907,33.24690082073767],[-117.23831195100207,33.24804082044788],[-117.23318395046778,33.24904282089854],[-117.23053095066206,33.25068782020183],[-117.23185229918094,33.25253020892133],[-117.2377149510921,33.258230821582615],[-117.23760695573924,33.25886582208419],[-117.23621695964994,33.25973183302156],[-117.23613495575323,33.26013782064445],[-117.23708595262364,33.263451821742],[-117.23663195309405,33.26726782197002],[-117.24153695518632,33.26850482281098],[-117.24404995296219,33.26708982153691],[-117.24497595662856,33.26708682075098],[-117.2449999568169,33.278012313257136],[-117.24584316736352,33.278038626665555],[-117.24565995807976,33.27905782297827],[-117.24647795769542,33.279051822322906],[-117.2466589577143,33.279752822175574],[-117.24705995596345,33.27999482386153],[-117.24679095714443,33.28085582408817],[-117.24755495573137,33.281134823314126],[-117.24648995877209,33.282058823512976],[-117.24722595631422,33.28254182239941],[-117.24692995575292,33.28336182393953],[-117.2462329555219,33.2839948224829],[-117.24612695732058,33.284652822275575],[-117.24478095426119,33.28599182568598],[-117.24456195793928,33.28660382466073],[-117.24246495594183,33.28829382389187],[-117.24238395744652,33.29011382552271],[-117.24148495760176,33.292629824407534],[-117.24319195818246,33.2937218244412],[-117.24272695675754,33.295763825739606],[-117.24293695785538,33.297018824982885],[-117.24212795908443,33.300097826007566],[-117.24243495917142,33.30249182542293],[-117.2429039580142,33.30325682722612],[-117.24481795705407,33.30456182621526],[-117.2457109597847,33.3077658256802],[-117.24816096080838,33.31116882808047],[-117.24900095944547,33.312978826837366],[-117.24921595998255,33.321838832452855],[-117.26009196140409,33.321857828583276],[-117.26009196206839,33.32915512572322],[-117.26579512852967,33.329148431838775],[-117.26983604818135,33.299998756956484],[-117.38853897604206,33.208561807101226],[-117.38950197650738,33.207834806641564],[-117.39003697508643,33.207949809799786],[-117.390436365999,33.20710176397013],[-117.39208940823274,33.207035391397696],[-117.37872240318784,33.18699136620556],[-117.36441096956096,33.17129180431859],[-117.35891696752444,33.16445280394212]],[[-117.3294133655066,33.20355242295188],[-117.32941428932261,33.20355390553853],[-117.32942118423597,33.20356539156201],[-117.3294133655066,33.20355242295188]],[[-117.32943582498386,33.203589782173395],[-117.32943761119704,33.20359275672198],[-117.32944486506717,33.203605305685116],[-117.32943582498386,33.203589782173395]],[[-117.32945764992118,33.203627426952515],[-117.32946023512093,33.20363189827741],[-117.32946698994157,33.20364404721049],[-117.32945764992118,33.203627426952515]],[[-117.32947883710418,33.20366535721323],[-117.32948215490774,33.203671322836186],[-117.32948816379206,33.20368256846065],[-117.32947883710418,33.20366535721323]],[[-117.3294993864417,33.20370357566202],[-117.32950336449164,33.20371101942171],[-117.32950854750709,33.203721123318104],[-117.3294993864417,33.20370357566202]],[[-117.32951930093539,33.20374208868981],[-117.32952386200093,33.20375097986507],[-117.32952820123826,33.20375980438937],[-117.32951930093539,33.20374208868981]],[[-117.32953840759481,33.203780555462714],[-117.32954364017787,33.20379119677241],[-117.32954748179655,33.20379935408482],[-117.32953840759481,33.203780555462714]],[[-117.32955721802563,33.20382002629423],[-117.3295626962003,33.2038316583412],[-117.32956594647825,33.20383887358464],[-117.32955721802563,33.20382002629423]],[[-117.32957535779337,33.20385977280046],[-117.32958102602376,33.20387235725378],[-117.32958371056345,33.20387860214769],[-117.32957535779337,33.20385977280046]],[[-117.32959283155924,33.20389981585581],[-117.32959862248097,33.203913283410024],[-117.32960077420218,33.203918535263966],[-117.32959283155924,33.20389981585581]],[[-117.32960965192011,33.20394019548086],[-117.3296154847714,33.20395442866649],[-117.32961713558304,33.20395866296042],[-117.32960965192011,33.20394019548086]],[[-117.32962585075435,33.20398101624966],[-117.32963160793025,33.20399578116978],[-117.32963279161223,33.20399898155299],[-117.32962585075435,33.20398101624966]],[[-117.3296415184487,33.204022556551536],[-117.32964698791311,33.20403733360217],[-117.32964774151938,33.20403948199601],[-117.3296415184487,33.204022556551536]],[[-117.31142308994052,33.20519786602654],[-117.31142594708332,33.20521043574996],[-117.31142700345065,33.20521519868844],[-117.31142308994052,33.20519786602654]],[[-117.31142898072376,33.20522409932515],[-117.31143045140145,33.20523072553444],[-117.31143485552133,33.20525103007735],[-117.31142898072376,33.20522409932515]]],[[[-117.39389019957216,33.20973477447396],[-117.39361997721164,33.209878806674745],[-117.39372097791696,33.210629806936645],[-117.3944139782032,33.21080780750178],[-117.39375497670757,33.212738807924424],[-117.39556997804164,33.21400780774125],[-117.39616652465708,33.21314666528518],[-117.39389019957216,33.20973477447396]]]]}},{"type":"Feature","properties":{"name":"PENDLETON"},"geometry":{"type":"Polygon","coordinates":[[[-117.39208940823274,33.207035391397696],[-117.390436365999,33.20710176397013],[-117.39003697508643,33.207949809799786],[-117.38950197650738,33.207834806641564],[-117.38853897604206,33.208561807101226],[-117.26983604818135,33.299998756956484],[-117.26579512852967,33.329148431838775],[-117.2492552736726,33.32917641658895],[-117.2494109618032,33.33960382872994],[-117.2535099630806,33.339759829832396],[-117.25364518848443,33.358351652068606],[-117.26206400257607,33.35841495984621],[-117.25818096813042,33.388450835849284],[-117.25737996740878,33.39163483556536],[-117.25526396833303,33.40646083666362],[-117.26216996879167,33.40640483649987],[-117.27432197171105,33.40738983600633],[-117.29527297663225,33.41784383609652],[-117.31350097823463,33.40786083368338],[-117.3135679789238,33.4128558344697],[-117.3180149804467,33.412976834852415],[-117.317987979704,33.416580834692994],[-117.32315898175204,33.41652583498243],[-117.323066980182,33.413092834293735],[-117.32470398020423,33.413064834212214],[-117.32450198043543,33.41654683486466],[-117.32652298112019,33.41665883479688],[-117.32638898219194,33.42351183561887],[-117.33063398304039,33.42351183522227],[-117.33070098186178,33.42002883426057],[-117.33938798421903,33.42012183512895],[-117.33953098468105,33.42690883489863],[-117.33506198342042,33.42702783463638],[-117.33503698428815,33.43067683471221],[-117.33963898431581,33.43051783517803],[-117.34065698592617,33.43083283536717],[-117.34421998492323,33.43052183444604],[-117.36342998907556,33.43015683419737],[-117.36353698951493,33.444684834789314],[-117.39744099541184,33.444638833361964],[-117.4005339967327,33.45578783521607],[-117.40776699792747,33.46014883583768],[-117.43428600461007,33.46813883474882],[-117.45796800815403,33.475702834527326],[-117.46512500977161,33.477275834258705],[-117.46621900931424,33.47613683411019],[-117.46616901031251,33.47452583412848],[-117.46674500903481,33.4736708337332],[-117.46881600996882,33.47277283392578],[-117.46991100953764,33.47125283348119],[-117.47210001015854,33.47054583344517],[-117.47542201053706,33.47021483225722],[-117.4719240128648,33.48785883475817],[-117.47830001362516,33.494815835583125],[-117.48368101488245,33.497525834990086],[-117.48272701439605,33.50014983589135],[-117.4876850155891,33.5033488360141],[-117.49047501529802,33.50122983579197],[-117.50946701782108,33.484031831757505],[-117.50956389420374,33.47028477074679],[-117.53818632989547,33.45488106561785],[-117.55985237859576,33.45139273020372],[-117.5785459770947,33.45381338197158],[-117.5947949119417,33.39236659058812],[-117.5821230190867,33.38153536435056],[-117.58010902127866,33.380618816075604],[-117.57549502138184,33.38017381697489],[-117.57229702112083,33.378425817098204],[-117.5702190204624,33.376654816461595],[-117.56892801819266,33.375032817524755],[-117.56379101846082,33.37150081736786],[-117.5612490171041,33.37037881682376],[-117.55891601766528,33.369790815881736],[-117.55571201695857,33.36767381639551],[-117.5534310157739,33.36711281726364],[-117.5465060152009,33.36358781623153],[-117.53256501172783,33.353143816544375],[-117.51970800915369,33.34410581526967],[-117.50824676531084,33.33503764061831],[-117.49459774430967,33.32229333931468],[-117.48429900029599,33.31192781446214],[-117.46946162985283,33.295270378257484],[-117.4376043682775,33.25768857034238],[-117.41014420582586,33.234089506013376],[-117.39616652465708,33.21314666528518],[-117.39556997804164,33.21400780774125],[-117.39375497670757,33.212738807924424],[-117.3944139782032,33.21080780750178],[-117.39372097791696,33.210629806936645],[-117.39361997721164,33.209878806674745],[-117.39389019957216,33.20973477447396],[-117.39208940823274,33.207035391397696]]]}},{"type":"Feature","properties":{"name":"ESCONDIDO"},"geometry":{"type":"Polygon","coordinates":[[[-117.05091576792542,33.05026619114319],[-117.0509692364462,33.051366373400285],[-117.04765490540532,33.05157580711473],[-117.04552190481371,33.05123780680334],[-117.04277390437207,33.052400806183726],[-117.03928990505422,33.05278580710524],[-117.0355429041581,33.05590680774879],[-117.03447790346058,33.055913807472656],[-117.03425090376352,33.05663480761799],[-117.03300290419685,33.05668580784211],[-117.03075390280159,33.05808180841997],[-117.03012590397508,33.05920680838256],[-117.03000190272336,33.06189680897176],[-117.02775390358092,33.06212080929798],[-117.02702690304959,33.06360080855077],[-117.0245019019831,33.06254580914273],[-117.02327690266274,33.06255581006795],[-117.02219290222679,33.063493809579676],[-117.02083390073676,33.06282480863566],[-117.02018590242241,33.063759809459505],[-117.01798890123686,33.06506580921416],[-117.0149009011754,33.065472809611684],[-117.0140659007044,33.06637981046226],[-117.00046389959236,33.066236811162135],[-116.99957089872086,33.06738481053448],[-116.99679889864085,33.068255810389644],[-116.99476689807426,33.06789881077397],[-116.99319189712114,33.067183810338676],[-116.99215989776704,33.067360811512124],[-116.99120089665351,33.06710481069054],[-116.9837138956463,33.066968811445165],[-116.9823358956488,33.065324812051045],[-116.98203289529354,33.06375281144241],[-116.98072189459083,33.06335781184594],[-116.9800378948595,33.062551811441345],[-116.97858589478965,33.06238481197763],[-116.97754989440175,33.0614128112205],[-116.9737108937369,33.05897981075818],[-116.97299089327694,33.057857811637334],[-116.97118689294226,33.05673781066924],[-116.97097489310495,33.06274281186499],[-116.97150189346117,33.06422581130148],[-116.97238689373553,33.06490181138919],[-116.97263889425966,33.0672318126371],[-116.97351589420906,33.06813181213505],[-116.97430189348898,33.06983681240247],[-116.9777328955946,33.07369881288244],[-116.9746278955581,33.07527781306793],[-116.97355989541711,33.07852681309097],[-116.97229189572397,33.080227814312366],[-116.96955489521902,33.082481813875944],[-116.9628498929281,33.08390081389891],[-116.96053989227069,33.0847648154079],[-116.95576789265792,33.08541581574446],[-116.9549148927808,33.08602481549257],[-116.95495789185195,33.087741815588274],[-116.94670089139649,33.087785816519784],[-116.94632089087793,33.08947181670159],[-116.94304489036081,33.091141816974584],[-116.94121689031927,33.091382817205925],[-116.93818988914613,33.090401817118114],[-116.9370488892057,33.08737181682662],[-116.93523188855397,33.08611381672936],[-116.93322188850219,33.08572581668343],[-116.93104088836998,33.08592581635283],[-116.93049388814327,33.08631481654808],[-116.93019688814454,33.08714381684611],[-116.92952388836093,33.08740881704616],[-116.92697488686579,33.08664781681712],[-116.925343887145,33.08572481760622],[-116.92277788659399,33.08598081723412],[-116.921410887546,33.084390817110574],[-116.92121988606486,33.083126816110635],[-116.92059288681277,33.08280981716036],[-116.92037588619702,33.083364816726366],[-116.91957388608843,33.08397481634785],[-116.91941388528586,33.084901816814146],[-116.9180408859464,33.08485581724136],[-116.9158818846903,33.08687781812799],[-116.91501888436,33.087022817752654],[-116.91439388514294,33.08669081738723],[-116.91378288504916,33.08683581830021],[-116.91285988511339,33.086304817871955],[-116.91176888427124,33.08632081826925],[-116.91059388406126,33.08743481750811],[-116.91050288410761,33.08851381838663],[-116.90857188376239,33.08863581766516],[-116.90651188435638,33.08995181837148],[-116.90564988231922,33.0899178191248],[-116.90418488152315,33.08908282035726],[-116.90247587803198,33.08980781932142],[-116.90130888136314,33.08859081882266],[-116.90025588168629,33.08810581925699],[-116.89795988144712,33.087765818651064],[-116.89729587917294,33.088853819262546],[-116.89755487765142,33.09133682017381],[-116.89729588456863,33.09210781897854],[-116.89673888342413,33.0921608187818],[-116.89459488308214,33.09019982025879],[-116.89288822716355,33.090096905731954],[-116.89282688021257,33.11251382055409],[-116.89338188811301,33.157464828156705],[-116.89315688672274,33.164140827671915],[-116.90225288914381,33.16303882801306],[-116.9137618892957,33.154247826197704],[-116.91514288967826,33.15371982665427],[-116.91686388939893,33.15218482564198],[-116.9176858893848,33.15270182443628],[-116.91948589176133,33.15665482596623],[-116.91968689007216,33.1604508245979],[-116.92019488941989,33.16084582702625],[-116.9210588932628,33.16093982707249],[-116.9214018918893,33.16138882573932],[-116.92189789344211,33.1606988281679],[-116.92384189309163,33.16074482805642],[-116.92608189118097,33.159468826142074],[-116.92831989244435,33.15900882797646],[-116.92884789450281,33.15849282585704],[-116.93178589330749,33.15826682554827],[-116.93347289473142,33.158347825674085],[-116.93551689389818,33.159395824480114],[-116.93572789536184,33.160871824590586],[-116.93634589294815,33.161336826489396],[-116.93847289354639,33.16169182536183],[-116.9405228945214,33.160360826394],[-116.94247689377983,33.16045682354991],[-116.94330489585614,33.161618825760506],[-116.94341389585769,33.16359282421534],[-116.94382683342373,33.16490431552072],[-116.94318089581954,33.16849782591843],[-116.94528989482038,33.169823825260195],[-116.94773689553391,33.16987782674417],[-116.94870789842803,33.16884382574637],[-116.95163989524026,33.166888824851256],[-116.956247899934,33.16665282605574],[-116.95937289959825,33.16788882540953],[-116.96070489836323,33.16887982667705],[-116.96287790054437,33.16667682540244],[-116.96403489826658,33.16622782510828],[-116.96457890004851,33.166209823897475],[-116.9658789001159,33.16726282542007],[-116.9668949010787,33.167358823590234],[-116.96725289754278,33.167717825156],[-116.9671538977721,33.169020825690765],[-116.96764690080057,33.17118582571745],[-116.96958990296329,33.17521782422063],[-116.97153690333576,33.178119827553566],[-116.97168390345334,33.180926826284335],[-116.97205492542695,33.18207682038184],[-116.97315169438009,33.18331732653227],[-116.98490064376239,33.1833058191054],[-116.98471093383218,33.190701433440616],[-116.98039922972254,33.1906829293596],[-116.98028283198349,33.19791664820759],[-116.98894078766841,33.19807229473546],[-116.98895261325329,33.198439341259046],[-116.99444590788319,33.19844782636314],[-117.00662191148601,33.199937828803364],[-117.0198139110717,33.200494825337834],[-117.02786291098612,33.198847825101176],[-117.02803591377729,33.198053825003],[-117.02823891256375,33.19858382432451],[-117.02913791240518,33.19928482471089],[-117.02976491285555,33.19904882674242],[-117.03017691381403,33.198443823643636],[-117.03089586999297,33.19841482768358],[-117.03085891310616,33.199687825427965],[-117.03148991479465,33.201783825931365],[-117.03282691577225,33.20431282731467],[-117.0332699135052,33.20592782566228],[-117.03358491382734,33.20999582677136],[-117.03713491486667,33.2099948255882],[-117.03751291520294,33.21111882606454],[-117.04984691724921,33.211433825146955],[-117.05120491882914,33.21077782576431],[-117.05514791681871,33.2101808234296],[-117.0574759183367,33.21090982415565],[-117.06117591969274,33.21089782418373],[-117.06335691939269,33.211605825375756],[-117.07230592153336,33.21132682445029],[-117.07253092068956,33.21149182342616],[-117.0727389207949,33.2148618238442],[-117.0776679207595,33.21397282566266],[-117.08175292222072,33.21546782511132],[-117.08341992357356,33.21512682521438],[-117.0868859231521,33.21579282513145],[-117.08813392456123,33.21313082407423],[-117.0859925207076,33.21044894825936],[-117.08900292662365,33.21203382376735],[-117.08966192574428,33.20865582216259],[-117.09227892565593,33.2096268221117],[-117.0939779203183,33.20876382405549],[-117.09672792209753,33.208623823005716],[-117.10215992788667,33.209629823014595],[-117.10038592808215,33.21094782413649],[-117.09932792631948,33.212719824015224],[-117.1012449279362,33.21199082270764],[-117.10861592885175,33.21164282267479],[-117.10810092850984,33.21067282311872],[-117.11156892759398,33.20486382269825],[-117.11642192863755,33.203153820718974],[-117.11784192884937,33.202270819429614],[-117.11852792827571,33.201462821085244],[-117.11899892881544,33.20002282001172],[-117.11980492965276,33.19926282127996],[-117.12336292826221,33.198450821148136],[-117.12589792785997,33.197210818361036],[-117.10869674242932,33.16739449227788],[-117.10829286609307,33.167396362359966],[-117.10613894757529,33.16354501518676],[-117.10574742816232,33.16354751766197],[-117.10575663619791,33.16275415802147],[-117.1051889254025,33.1614418172613],[-117.10195492119243,33.158184816425376],[-117.0945159169057,33.149171818065994],[-117.09338892020178,33.14588381470253],[-117.09331592208127,33.13962581566903],[-117.09431991873652,33.140407814015624],[-117.09543392121749,33.1425958159946],[-117.09653491961805,33.143526814934056],[-117.10382791677561,33.14656782561944],[-117.10875192288478,33.14718781557225],[-117.11049492298085,33.14563181392029],[-117.1106549247713,33.1434408140165],[-117.11173692165023,33.14199481453742],[-117.11440292303841,33.13985981425964],[-117.1156949228022,33.13933381374104],[-117.1162119245765,33.13857681443199],[-117.11851692428695,33.13693381305061],[-117.12149992385443,33.132006811983],[-117.12663592545901,33.13421981347306],[-117.13397392606309,33.13557681233161],[-117.1415559281816,33.13871081301806],[-117.1436079275167,33.13919781347453],[-117.15169092802668,33.13939281051367],[-117.15994793026597,33.13736281252767],[-117.16366193214527,33.13701881009686],[-117.16618993068246,33.1215288074535],[-117.1657919286284,33.12030380682149],[-117.16353993022064,33.11690480756665],[-117.1638512125761,33.11147057628572],[-117.16064283285775,33.111452667901716],[-117.1617298497588,33.11090833279105],[-117.16234825199459,33.11005771990206],[-117.16235893077793,33.10871680843949],[-117.16310692820184,33.108351807306434],[-117.16652293192408,33.10408280726742],[-117.16771092989592,33.10404480696316],[-117.16870792957556,33.10450080761419],[-117.16983493181033,33.10429680496767],[-117.17034432700794,33.10390475784257],[-117.17065892956303,33.10300180555284],[-117.17159193154059,33.10228180767938],[-117.17193293263422,33.101326808095294],[-117.17357993013567,33.10109280784175],[-117.17393592963776,33.09978680566168],[-117.1752429304834,33.098578807100985],[-117.174678928918,33.09797280546883],[-117.17461293201787,33.09706580588841],[-117.17394692927863,33.09697779334659],[-117.17290392920209,33.09759180568327],[-117.17233793064761,33.0974908058469],[-117.17163293211522,33.094759805362905],[-117.17043392840272,33.09346180474809],[-117.17031292918304,33.09261180580289],[-117.1692169283937,33.09217980440063],[-117.16892792831062,33.09156680511073],[-117.16654793007207,33.09130380450309],[-117.16612192990927,33.090774805820466],[-117.16591193008844,33.08960880494497],[-117.16483092789164,33.08850880571988],[-117.1650189285674,33.086969804420654],[-117.16453492787731,33.08574080453505],[-117.1653459287889,33.08479480338471],[-117.16566892663387,33.08364980415539],[-117.16516392975814,33.08325880430334],[-117.16507396726705,33.08257716354451],[-117.16580893310645,33.07948581752758],[-117.16501292796305,33.07794080330791],[-117.16419992524399,33.07717680242666],[-117.16419692819065,33.0761408043378],[-117.16474992664327,33.074803803340906],[-117.16334892708876,33.07283380284081],[-117.16431392812763,33.071580802613155],[-117.16535292881869,33.07109680325506],[-117.16799792780277,33.071119802944104],[-117.16973492775801,33.07052080180646],[-117.17009392845365,33.069667804274665],[-117.16980092787658,33.06866680082337],[-117.17023192837509,33.06686380189502],[-117.17191692548577,33.065180800547324],[-117.17236792844878,33.06364180131819],[-117.16664092612282,33.063745803193875],[-117.16541392499269,33.06292080627139],[-117.16408792694729,33.06290380115422],[-117.1638589282258,33.06233680240656],[-117.16339592685539,33.06216680270685],[-117.16249392533676,33.06326080274978],[-117.16182792684796,33.0627818037179],[-117.16045092621519,33.06264980374156],[-117.15837392737659,33.06343080378987],[-117.15804692505603,33.06396880571318],[-117.15750492517833,33.06412880275708],[-117.15461892373096,33.06331980258439],[-117.15289392477796,33.06440780198534],[-117.15084392480145,33.06478680255124],[-117.15015092485716,33.06530280291268],[-117.14750592569644,33.06562180177802],[-117.14636992229352,33.06521980286925],[-117.14457392423866,33.065730803088],[-117.14394392300942,33.06620880392944],[-117.14324392081139,33.064877802339765],[-117.13912692337315,33.063075804653366],[-117.13720392184761,33.05982480181925],[-117.13485392240845,33.059464803426295],[-117.1295669184785,33.060857803181285],[-117.12663891912118,33.06277580365253],[-117.12437091870027,33.06250880374685],[-117.12444790408449,33.06172980280303],[-117.12325191925075,33.06142780425173],[-117.12019591852042,33.06279080338036],[-117.12012591937267,33.06253280452187],[-117.11712991864201,33.06302380438445],[-117.11693291921165,33.06818880442687],[-117.11635791832971,33.07053080545244],[-117.11568991832567,33.07166180535519],[-117.11479791880447,33.07221180587131],[-117.11377491932798,33.072185805913094],[-117.11208791833499,33.070946804215815],[-117.11092291896222,33.068809805326985],[-117.11056491694919,33.06681480542192],[-117.1105069166707,33.06255980512942],[-117.11000891759906,33.06191880452493],[-117.10807291672214,33.061037804927395],[-117.10644891572053,33.06079380460054],[-117.10232291607882,33.060896804415094],[-117.09863491517999,33.06037380502155],[-117.09327891459331,33.05691580472153],[-117.08925191210734,33.05377380475656],[-117.08840091248322,33.05355580459211],[-117.08747791322162,33.053798805684686],[-117.08539891272193,33.05566680514245],[-117.08394691317454,33.05750580533746],[-117.08175591267018,33.05922580606084],[-117.07517491071613,33.057043804817646],[-117.07346391153412,33.057268805916515],[-117.0712079101917,33.05929980597901],[-117.07030491075962,33.059536806198246],[-117.06997290988154,33.05949880598423],[-117.07029691062318,33.058569805927135],[-117.07170591071309,33.05593180521947],[-117.0704479099994,33.055517806271816],[-117.06854490955811,33.054326805842244],[-117.06714090984923,33.05291380527478],[-117.06574990937145,33.05303180536844],[-117.06408890888869,33.05386380642222],[-117.05951569964385,33.05369313886137],[-117.05794172004826,33.05268866388675],[-117.05740023768065,33.052719682134985],[-117.05685881339471,33.052047089116336],[-117.05266234569241,33.05139824295053],[-117.05241249074446,33.0508419234769],[-117.05126937729445,33.0506380517669],[-117.05091576792542,33.05026619114319]]]}},{"type":"Feature","properties":{"name":"SAN MARCOS"},"geometry":{"type":"Polygon","coordinates":[[[-117.20512013845382,33.09411115932697],[-117.20273793611719,33.09533880306391],[-117.19982893575018,33.09782380362968],[-117.19810793457732,33.097327804487996],[-117.19614193268949,33.09837280331377],[-117.19497293606915,33.098355805165134],[-117.19334593479935,33.099625805141066],[-117.18919693539641,33.10084580493281],[-117.18771293285472,33.10024080740272],[-117.18659093148881,33.09932280403422],[-117.18586893292789,33.09935980521954],[-117.18526193282351,33.097570804470095],[-117.18334793367039,33.09611480597304],[-117.18239993349934,33.095818805704276],[-117.17924093296784,33.095758807146986],[-117.17659893161463,33.09703180607628],[-117.17461293201787,33.09706580588841],[-117.174678928918,33.09797280546883],[-117.17520993185786,33.098698805102536],[-117.17393592963776,33.09978680566168],[-117.17351493302216,33.10115480622241],[-117.17193293263422,33.101326808095294],[-117.17159193154059,33.10228180767938],[-117.17065892956303,33.10300180555284],[-117.17034432700794,33.10390475784257],[-117.16983493181033,33.10429680496767],[-117.16870792957556,33.10450080761419],[-117.16771092989592,33.10404480696316],[-117.16652293192408,33.10408280726742],[-117.16310692820184,33.108351807306434],[-117.16235893077793,33.10871680843949],[-117.16234825199459,33.11005771990206],[-117.1617298497588,33.11090833279105],[-117.16064283285775,33.111452667901716],[-117.1638512125761,33.11147057628572],[-117.16353993022064,33.11690480756665],[-117.1657919286284,33.12030380682149],[-117.16618993068246,33.1215288074535],[-117.16366193214527,33.13701881009686],[-117.15994793026597,33.13736281252767],[-117.15169092802668,33.13939281051367],[-117.1436079275167,33.13919781347453],[-117.1415559281816,33.13871081301806],[-117.13397392606309,33.13557681233161],[-117.12663592545901,33.13421981347306],[-117.12149992385443,33.132006811983],[-117.11851692428695,33.13693381305061],[-117.1162119245765,33.13857681443199],[-117.1156949228022,33.13933381374104],[-117.11440292303841,33.13985981425964],[-117.11173692165023,33.14199481453742],[-117.1106549247713,33.1434408140165],[-117.11049492298085,33.14563181392029],[-117.10875192288478,33.14718781557225],[-117.10382791677561,33.14656782561944],[-117.09653491961805,33.143526814934056],[-117.09543392121749,33.1425958159946],[-117.09431991873652,33.140407814015624],[-117.09331592208127,33.13962581566903],[-117.09338892020178,33.14588381470253],[-117.0945159169057,33.149171818065994],[-117.10195492119243,33.158184816425376],[-117.1051889254025,33.1614418172613],[-117.10575663619791,33.16275415802147],[-117.10574742816232,33.16354751766197],[-117.10613894757529,33.16354501518676],[-117.10829286609307,33.167396362359966],[-117.10869674242932,33.16739449227788],[-117.12589792785997,33.197210818361036],[-117.12737492967953,33.196373818318925],[-117.12886992912381,33.194930819078294],[-117.12997492962675,33.19451682062659],[-117.13366493015337,33.19520381983439],[-117.13569193000502,33.195266819167614],[-117.14087993228496,33.194600817764645],[-117.15094293229335,33.19426181781719],[-117.15171093559456,33.193360817406024],[-117.1510949323483,33.188897815969796],[-117.15187993125352,33.18685781617773],[-117.15243893272157,33.18626181692525],[-117.15475093383743,33.185198816980595],[-117.15589196595548,33.1827478278861],[-117.15746793315817,33.18318081725318],[-117.17434493725806,33.18287981603181],[-117.17634393749715,33.182382815587005],[-117.1778459377167,33.18284681559537],[-117.17603793770893,33.18129481588103],[-117.17541693765071,33.179898816839405],[-117.17549293773683,33.179155815712924],[-117.17628593627863,33.17875781461751],[-117.17672693484407,33.17788181654926],[-117.1759949387749,33.17694481562253],[-117.17993293700815,33.176305817200955],[-117.18204593960665,33.17326781537233],[-117.18500793838545,33.17028281382666],[-117.18470093862183,33.16964981488561],[-117.18527593795665,33.168390813113106],[-117.1868059363177,33.16792881521733],[-117.18874693985443,33.16653781375213],[-117.19089593952974,33.16599481370419],[-117.19169693929327,33.165047812596704],[-117.19281693873181,33.16485781264065],[-117.19539593920958,33.1625898111247],[-117.19935793439181,33.163650810839194],[-117.20221494068389,33.161956811910585],[-117.2032609408143,33.16183581314505],[-117.20639294140021,33.16234081160116],[-117.20921694085946,33.16025381139811],[-117.21472894184033,33.1669618124638],[-117.22079394505126,33.15980081160913],[-117.22346094516655,33.15723481076758],[-117.22522994276258,33.1527078112011],[-117.22696394442417,33.150526809232645],[-117.22893494194004,33.14938380852327],[-117.23708494455936,33.14698681003747],[-117.24044194613616,33.14542980788017],[-117.23768094499701,33.14181080908813],[-117.23387294473255,33.13470680714335],[-117.23307294522888,33.13407180703136],[-117.23126994209403,33.13086980555889],[-117.22987317369233,33.13121312849546],[-117.22988523145342,33.128929453113265],[-117.2230206688971,33.118802747965745],[-117.2259579420759,33.1166208051308],[-117.22661994031374,33.11538180645577],[-117.2267749397745,33.114124805632315],[-117.22553994003212,33.11077080320967],[-117.22544994015273,33.10645180462452],[-117.22513393854507,33.10525980523807],[-117.22485493971678,33.10455380432975],[-117.22461394110323,33.104683804859576],[-117.22457493883125,33.10415480436062],[-117.22250194051226,33.101723804284944],[-117.22190193993629,33.09998880331931],[-117.21687693813656,33.10010280261454],[-117.21454793961756,33.099683803895964],[-117.21280693583724,33.09878280242833],[-117.20847544316034,33.09508530887428],[-117.2080874667691,33.09508562518843],[-117.20808781305408,33.095416171976915],[-117.20625677398486,33.09421794175032],[-117.20512013845382,33.09411115932697]]]}},{"type":"Feature","properties":{"name":"VISTA"},"geometry":{"type":"Polygon","coordinates":[[[-117.24123294675393,33.145337808856866],[-117.23963694483976,33.14565380817576],[-117.23708494455936,33.14698681003747],[-117.22893494194004,33.14938380852327],[-117.22696394442417,33.150526809232645],[-117.22522994276258,33.1527078112011],[-117.22346094516655,33.15723481076758],[-117.22079394505126,33.15980081160913],[-117.21472894184033,33.1669618124638],[-117.20921694085946,33.16025381139811],[-117.20639294140021,33.16234081160116],[-117.2032609408143,33.16183581314505],[-117.20221494068389,33.161956811910585],[-117.19935793439181,33.163650810839194],[-117.19539593920958,33.1625898111247],[-117.19281693873181,33.16485781264065],[-117.19169693929327,33.165047812596704],[-117.19089593952974,33.16599481370419],[-117.18874693985443,33.16653781375213],[-117.1868059363177,33.16792881521733],[-117.18527593795665,33.168390813113106],[-117.18470093862183,33.16964981488561],[-117.18500793838545,33.17028281382666],[-117.18204593960665,33.17326781537233],[-117.17993293700815,33.176305817200955],[-117.1759949387749,33.17694481562253],[-117.17672693484407,33.17788181654926],[-117.17628593627863,33.17875781461751],[-117.17549293773683,33.179155815712924],[-117.17541693765071,33.179898816839405],[-117.17603793770893,33.18129481588103],[-117.1778459377167,33.18284681559537],[-117.17634393749715,33.182382815587005],[-117.17434493725806,33.18287981603181],[-117.15746793315817,33.18318081725318],[-117.15589196595548,33.1827478278861],[-117.15475093383743,33.185198816980595],[-117.15243893272157,33.18626181692525],[-117.15187993125352,33.18685781617773],[-117.1510949323483,33.188897815969796],[-117.15171093559456,33.193360817406024],[-117.15094293229335,33.19426181781719],[-117.14087993228496,33.194600817764645],[-117.13569193000502,33.195266819167614],[-117.13366493015337,33.19520381983439],[-117.12997492962675,33.19451682062659],[-117.12886992912381,33.194930819078294],[-117.12737492967953,33.196373818318925],[-117.12589792785997,33.197210818361036],[-117.12838593000555,33.20150281877148],[-117.14259293635396,33.22163982019631],[-117.1561959398657,33.252937825054325],[-117.15877994090899,33.253244823184595],[-117.1632149398059,33.25313382520317],[-117.16852094171661,33.25190182391924],[-117.17351094182686,33.25144982350067],[-117.1755759430877,33.25179982429518],[-117.17836694147715,33.25324082314739],[-117.18010894353529,33.25360382272436],[-117.18512194427278,33.25247582344185],[-117.19012694694118,33.25317182334424],[-117.19530194520068,33.252283823061006],[-117.20137894645406,33.252818823410855],[-117.20716794949261,33.254431821485994],[-117.2093369474029,33.25596882331352],[-117.21287394901756,33.256919821160636],[-117.21247894456809,33.25815682148422],[-117.21260194977313,33.25871482134452],[-117.21513394786511,33.2606608242377],[-117.21746494905126,33.26117782153727],[-117.21845595240441,33.261980823226736],[-117.22204295102426,33.26337582238958],[-117.22394795136563,33.2635218226837],[-117.22891795394627,33.266783824272295],[-117.23060695361315,33.26727382143343],[-117.233069951151,33.26729082274758],[-117.23321895159138,33.265640822717074],[-117.23543595451136,33.26009182108341],[-117.23713795301099,33.25934482176282],[-117.23776995139559,33.25843082233386],[-117.23185193797912,33.25252982902204],[-117.23053095066206,33.25068782020183],[-117.23318395046778,33.24904282089854],[-117.23831195100207,33.24804082044788],[-117.24109295283907,33.24690082073767],[-117.24300195401764,33.246644818347264],[-117.24336595393635,33.245740817693225],[-117.2432219490672,33.24296881942069],[-117.2418529545953,33.24129482016636],[-117.24187595122635,33.24060381980961],[-117.24130494821159,33.23969881890266],[-117.24124295205355,33.237827818328206],[-117.24487395250414,33.237830819816885],[-117.245638954767,33.23703981872196],[-117.24671995405174,33.23686881806316],[-117.24868795436862,33.23563581707428],[-117.25068395455872,33.235174818606254],[-117.2510989608647,33.2342638131738],[-117.2499999532215,33.23323281685123],[-117.24875095307921,33.230030818459575],[-117.24727495288074,33.227928816356496],[-117.24660195261941,33.22616181743405],[-117.24632595304658,33.223553817241154],[-117.24499395266565,33.22113981788874],[-117.25783595483323,33.22118781562694],[-117.2624739561074,33.21930081504353],[-117.2672759565081,33.21907581588468],[-117.2787149557886,33.210005814561114],[-117.28360595687192,33.207574812572126],[-117.2849829574765,33.20724581190451],[-117.28494895618728,33.20409081168636],[-117.28171295665487,33.20408981289824],[-117.27949795815269,33.20479181247804],[-117.2795699551773,33.18542381077842],[-117.27880895447696,33.18404481087997],[-117.27764390255615,33.183649903811634],[-117.27592495438886,33.18421681106985],[-117.27325695235623,33.183009812221705],[-117.27047395383094,33.18296980915926],[-117.26948695131416,33.18222381129091],[-117.2681329537096,33.182605811745574],[-117.26691995204122,33.18167081187832],[-117.26266795275039,33.18109381060615],[-117.25744795195217,33.178446809237464],[-117.2536819488368,33.177762811059274],[-117.25308594972034,33.17346081075857],[-117.25103394969993,33.16984181030957],[-117.25009594881564,33.1689788093357],[-117.24786694884719,33.167747809684485],[-117.2456389463074,33.16477980970413],[-117.24239994839607,33.16220580931172],[-117.24187794648213,33.16094081169769],[-117.24150194559371,33.15705380844367],[-117.242240947422,33.1507588095238],[-117.24125094459784,33.146857806093166],[-117.24123294675393,33.145337808856866]]]}},{"type":"Feature","properties":{"name":"VALLEY CENTER"},"geometry":{"type":"Polygon","coordinates":[[[-116.91681488957899,33.15218182727873],[-116.91514288967826,33.15371982665427],[-116.9137618892957,33.154247826197704],[-116.90225288914381,33.16303882801306],[-116.89315688672274,33.164140827671915],[-116.89311779742222,33.169962366814964],[-116.88796625390458,33.17387521304798],[-116.87935436336961,33.17747566418403],[-116.87987093652661,33.180685925475],[-116.87774604201111,33.184277870765165],[-116.87417079697762,33.19399227536491],[-116.86817803815028,33.20175353279087],[-116.86169521501762,33.204576943603335],[-116.8491480113348,33.204611807747284],[-116.84919584437185,33.2120871992228],[-116.84077838533581,33.21185273662443],[-116.84179144289301,33.22630441440844],[-116.84162065804783,33.24072598110944],[-116.84085992229785,33.252187547962976],[-116.84959432767592,33.252071534742214],[-116.84999492071476,33.24809814395453],[-116.85879140786241,33.24806079768034],[-116.85882976919873,33.25234806913657],[-116.87184778057397,33.252223389409735],[-116.8718757515411,33.25616409246499],[-116.92780531818114,33.25592069267637],[-116.92791747290762,33.28774553686769],[-116.94055391756629,33.28380420882238],[-116.94658628707568,33.2853140493642],[-116.95529447660766,33.2852934176208],[-116.9586999080951,33.288439839265045],[-116.96686790795442,33.289943840688764],[-116.96780290801102,33.29075184039797],[-116.97339290936715,33.300849842337264],[-116.978384911072,33.303345841292185],[-116.9899349165716,33.3149158405123],[-116.99291091459723,33.318919842129084],[-117.01130991406939,33.30940683857111],[-117.01929491693735,33.30705983860436],[-117.01980793796878,33.30643784540162],[-117.01987991803928,33.30560683712305],[-117.01939991986049,33.304776838436894],[-117.01859691973027,33.30431583923754],[-117.01592992011051,33.30447783819881],[-117.01248591838954,33.3057298399904],[-117.01168291738831,33.305455840915094],[-117.01138891604526,33.30472583720411],[-117.01301991905166,33.30292283841915],[-117.01724791841941,33.30081583774139],[-117.01884192085146,33.29931283740503],[-117.02153991960876,33.29761583745061],[-117.02333091456397,33.29536983848043],[-117.02393992126005,33.2928708364999],[-117.02615292053888,33.29201183585315],[-117.02650492013285,33.29089683696848],[-117.02797491925524,33.29044283767163],[-117.02992591905631,33.29099583608382],[-117.03115092018842,33.29200583599172],[-117.03276591956848,33.292549836070975],[-117.03377192230444,33.293323836115874],[-117.03471292250701,33.29357983583746],[-117.03686191374275,33.29339485052252],[-117.03869392149225,33.2945068376235],[-117.040407923702,33.294552836999195],[-117.04334692274911,33.29628883528523],[-117.04552892381307,33.297114836070634],[-117.0466429239673,33.29836683663921],[-117.0462839240147,33.299934837290174],[-117.04936992407053,33.30556583757891],[-117.04969092402766,33.30692283831636],[-117.05058592262692,33.3084008376205],[-117.05211492678626,33.3088078369786],[-117.05369092514081,33.30988083652913],[-117.05412392534242,33.31094383645868],[-117.05500492559383,33.311165837236175],[-117.05577892665916,33.31086383740958],[-117.05684292562064,33.311535835227446],[-117.05944892792006,33.312039838999546],[-117.05978792730518,33.312484837791494],[-117.06240792964735,33.31311983767799],[-117.06315092783721,33.313660837342375],[-117.0649539286136,33.31368783623305],[-117.06496292923772,33.31707383790103],[-117.06918492725843,33.317099840589826],[-117.06922792524291,33.32077084086965],[-117.07252092578021,33.320770839533495],[-117.07233692934739,33.31694683545062],[-117.07256793009104,33.31396483620252],[-117.07558992899897,33.31389383635323],[-117.07857493191034,33.313305834751056],[-117.07932893172284,33.31262183681306],[-117.08394591384345,33.31065783628565],[-117.08333893078483,33.30811783515078],[-117.08331393167056,33.3066878348112],[-117.08423592984369,33.304134834154524],[-117.08422993048353,33.30176783397762],[-117.08459794177118,33.30007283720169],[-117.08636793282356,33.296209833622214],[-117.08354193045618,33.296311834049426],[-117.0827189293754,33.29595583604539],[-117.08145792774279,33.29282483304235],[-117.08137292881231,33.29061483316528],[-117.0823669306298,33.28985283206324],[-117.0836389304726,33.289805833291915],[-117.08330892835704,33.28885883299015],[-117.08374192930579,33.2862808317799],[-117.08361492835637,33.284762834620594],[-117.08389992742393,33.284146832666366],[-117.08358992714992,33.28325983369071],[-117.08430492905352,33.28148783302534],[-117.08405092793191,33.28093883316264],[-117.08419092892697,33.28022783350491],[-117.08358992976751,33.279933831259264],[-117.08350092903342,33.279512831083785],[-117.08414092728299,33.27752183297121],[-117.08409192933183,33.275673829831405],[-117.0848280409499,33.2742390460959],[-117.08455193022132,33.27243282916738],[-117.08493792918075,33.27132383109796],[-117.08844692928297,33.270609830283476],[-117.09175492954208,33.269489829820365],[-117.0940069275914,33.26982783042552],[-117.0954519316237,33.27092582980589],[-117.09610393187991,33.270543828577104],[-117.0972409317215,33.27088483034445],[-117.10069292975649,33.27033482865038],[-117.10144092950281,33.270608828810886],[-117.10198892873177,33.27038882879079],[-117.10242493052968,33.27072782803416],[-117.10361493063535,33.270525829457775],[-117.1040819313118,33.270040831213144],[-117.10555293155832,33.2702048279092],[-117.107891930672,33.26937983070127],[-117.10879893288585,33.26950082859886],[-117.10941993153152,33.26831782799719],[-117.10993193399128,33.26798783049852],[-117.1122289563248,33.26862287839538],[-117.11221293175254,33.27419782969892],[-117.11280793279549,33.276304829464124],[-117.1126299313843,33.27711883040908],[-117.1131969323038,33.27757583148317],[-117.11400993515367,33.27915382985044],[-117.11430993307468,33.28087182983936],[-117.11609393459227,33.28262683066356],[-117.1190369364698,33.28367883184919],[-117.12085493561406,33.28522583141907],[-117.12131493544459,33.28771483067464],[-117.12066893507385,33.28952983188368],[-117.12226993451767,33.2911448300629],[-117.12262393566733,33.292345829744534],[-117.12411993666545,33.29344183227972],[-117.12433493450014,33.294652831618706],[-117.1259469363974,33.29567883135753],[-117.1288329378456,33.29616083164656],[-117.13073393880785,33.29699083151235],[-117.13343293915078,33.2990118316922],[-117.13663893968682,33.29987083316522],[-117.13919194046933,33.30002283199645],[-117.14162594132873,33.30097583131202],[-117.1431149403864,33.29946683152589],[-117.14720494028911,33.29957483023834],[-117.15025794171699,33.30031183145974],[-117.14956594048572,33.2889718280765],[-117.14995493806168,33.28521082939549],[-117.15110294240054,33.28181982715495],[-117.15658194249869,33.27222482769324],[-117.15789194225492,33.26923682765473],[-117.15887194183802,33.26375682525884],[-117.1584279395571,33.2589728246106],[-117.1561959398657,33.252937825054325],[-117.14293893320404,33.22229282232362],[-117.1416979337533,33.22008082257053],[-117.12838593000555,33.20150281877148],[-117.12589792785997,33.197210818361036],[-117.12336292826221,33.198450821148136],[-117.11980492965276,33.19926282127996],[-117.11899892881544,33.20002282001172],[-117.11852792827571,33.201462821085244],[-117.11784192884937,33.202270819429614],[-117.11642192863755,33.203153820718974],[-117.11156892759398,33.20486382269825],[-117.10810092850984,33.21067282311872],[-117.10861592885175,33.21164282267479],[-117.1012449279362,33.21199082270764],[-117.09932792631948,33.212719824015224],[-117.10038592808215,33.21094782413649],[-117.10215992788667,33.209629823014595],[-117.09672792209753,33.208623823005716],[-117.0939779203183,33.20876382405549],[-117.09227892565593,33.2096268221117],[-117.08966192574428,33.20865582216259],[-117.08900292662365,33.21203382376735],[-117.0859925207076,33.21044894825936],[-117.08813392456123,33.21313082407423],[-117.08699992279954,33.21578082364694],[-117.08341992357356,33.21512682521438],[-117.08175292222072,33.21546782511132],[-117.0776679207595,33.21397282566266],[-117.0727389207949,33.2148618238442],[-117.07253092068956,33.21149182342616],[-117.07230592153336,33.21132682445029],[-117.06335691939269,33.211605825375756],[-117.06117591969274,33.21089782418373],[-117.0574759183367,33.21090982415565],[-117.05514791681871,33.2101808234296],[-117.05120491882914,33.21077782576431],[-117.04984691724921,33.211433825146955],[-117.0374469146105,33.21110482669605],[-117.03713491486667,33.2099948255882],[-117.03358491382734,33.20999582677136],[-117.0332699135052,33.20592782566228],[-117.03282691577225,33.20431282731467],[-117.03148991479465,33.201783825931365],[-117.03085891310616,33.199687825427965],[-117.03089586999297,33.19841482768358],[-117.03017691381403,33.198443823643636],[-117.02976491285555,33.19904882674242],[-117.02913791240518,33.19928482471089],[-117.02823891256375,33.19858382432451],[-117.02803591377729,33.198053825003],[-117.02786291098612,33.198847825101176],[-117.0198139110717,33.200494825337834],[-117.00662191148601,33.199937828803364],[-116.99444590788319,33.19844782636314],[-116.98895261325329,33.198439341259046],[-116.98894078766841,33.19807229473546],[-116.9802828351965,33.19791664829383],[-116.98039922972254,33.1906829293596],[-116.98471093383218,33.190701433440616],[-116.98490064376239,33.1833058191054],[-116.97315169438009,33.18331732653227],[-116.97205492542695,33.18207682038184],[-116.97168390345334,33.180926826284335],[-116.97153690333576,33.178119827553566],[-116.96958990296329,33.17521782422063],[-116.96764690080057,33.17118582571745],[-116.9671538977721,33.169020825690765],[-116.96725289754278,33.167717825156],[-116.9668949010787,33.167358823590234],[-116.9658789001159,33.16726282542007],[-116.96457890004851,33.166209823897475],[-116.96403489826658,33.16622782510828],[-116.96287790054437,33.16667682540244],[-116.96070489836323,33.16887982667705],[-116.95937289959825,33.16788882540953],[-116.956247899934,33.16665282605574],[-116.95163989524026,33.166888824851256],[-116.94870789842803,33.16884382574637],[-116.94773689553391,33.16987782674417],[-116.94528989482038,33.169823825260195],[-116.94318089581954,33.16849782591843],[-116.94382683342373,33.16490431552072],[-116.94341389585769,33.16359282421534],[-116.94330489585614,33.161618825760506],[-116.94245064495038,33.16044055897406],[-116.9405228945214,33.160360826394],[-116.93847289354639,33.16169182536183],[-116.93634589294815,33.161336826489396],[-116.93572789536184,33.160871824590586],[-116.93551689389818,33.159395824480114],[-116.93347289473142,33.158347825674085],[-116.93178589330749,33.15826682554827],[-116.92884789450281,33.15849282585704],[-116.92831989244435,33.15900882797646],[-116.92608189118097,33.159468826142074],[-116.92384189309163,33.16074482805642],[-116.92189789344211,33.1606988281679],[-116.9214018918893,33.16138882573932],[-116.9210588932628,33.16093982707249],[-116.92019488941989,33.16084582702625],[-116.91968689007216,33.1604508245979],[-116.91948589176133,33.15665482596623],[-116.9176858893848,33.15270182443628],[-116.91681488957899,33.15218182727873]]]}},{"type":"Feature","properties":{"name":"PAUMA"},"geometry":{"type":"Polygon","coordinates":[[[-116.84999492071476,33.24809814395453],[-116.84959432767592,33.252071534742214],[-116.84085992229785,33.252187547962976],[-116.84061116331704,33.25594430620072],[-116.82851488223814,33.25575584121308],[-116.8217878832941,33.256073843518934],[-116.8152678814654,33.255641844266016],[-116.8147558826281,33.27001784679762],[-116.82406888294815,33.27014184677832],[-116.82386788297781,33.284540846207804],[-116.84116888299488,33.28514084491467],[-116.84116188556972,33.290455844911875],[-116.84057906476444,33.300180852264894],[-116.87500721841859,33.29984776499236],[-116.8951174010765,33.30008673450514],[-116.89509829009576,33.31437143443551],[-116.90139921242815,33.31462427313951],[-116.900110031433,33.31615646607574],[-116.97067531879632,33.34277655242641],[-116.93694021206574,33.342896568339505],[-116.93687138900226,33.34664398134528],[-116.93552230573451,33.346651433445324],[-116.93255539426019,33.346637537529986],[-116.93260504595449,33.34292768012986],[-116.92820112093783,33.342959359425734],[-116.928021390526,33.386538016449926],[-117.01577420530303,33.38651317719999],[-117.01590189933837,33.400541541210565],[-117.03226555182175,33.40060452835134],[-117.03203271692686,33.40754280423902],[-117.03303685876716,33.414948979846024],[-117.03944593125648,33.41485685025579],[-117.05197393228426,33.41534585017271],[-117.05234673138318,33.43008438405955],[-117.06111794533682,33.430379010470695],[-117.09882817714045,33.430261555899044],[-117.10078294240591,33.426121848165316],[-117.10143494369089,33.42591984892523],[-117.10278994507445,33.42615384882502],[-117.10335794421886,33.42531784688801],[-117.10452494319873,33.42465884916316],[-117.10470194272274,33.42411984722998],[-117.10579194512238,33.4232168477786],[-117.10729694237745,33.42244684830379],[-117.10854994379432,33.420601847731334],[-117.10905294282016,33.41883184564801],[-117.11164694450862,33.41764584725901],[-117.1120899430103,33.41829384754396],[-117.11269194369675,33.41853484606361],[-117.1152179456296,33.41838184663552],[-117.11521794205707,33.41750884691491],[-117.11478294465473,33.41709984612841],[-117.11544394497774,33.41590184726019],[-117.11792796367787,33.416478847940255],[-117.1183179460538,33.41511884613522],[-117.1190479444841,33.41405284505999],[-117.11955794375011,33.414340843903815],[-117.11987894515039,33.414034844822474],[-117.12007294323975,33.41201384601219],[-117.12052394517917,33.411195846421215],[-117.12180394397107,33.41064184538337],[-117.122572946751,33.40954384650912],[-117.12302294681638,33.40947684609337],[-117.12370794674437,33.41010284355724],[-117.12585594685386,33.40989484464752],[-117.1272769469736,33.40964084479575],[-117.12833594567459,33.40882284403267],[-117.12872894709315,33.407661842726576],[-117.1271199458202,33.405969844880836],[-117.12751494498445,33.40438284443389],[-117.12683694344167,33.40270984344083],[-117.13021094600613,33.39820484292048],[-117.1300859439993,33.394274844014504],[-117.12959094536542,33.392579843912664],[-117.13053494287666,33.39105384367919],[-117.13046892998273,33.38932084160406],[-117.13086494453495,33.38798384252939],[-117.13239794567076,33.387667842367016],[-117.13312194673077,33.38675084074264],[-117.13398294365031,33.387005842063125],[-117.13454294519524,33.38475284132013],[-117.13349294582981,33.383647841484034],[-117.13147894588926,33.38384684090079],[-117.1298279437837,33.383299842416555],[-117.12505294199022,33.3828498412277],[-117.12480294117469,33.38246084145553],[-117.12495996398918,33.3816798439034],[-117.1227109425662,33.38184684252589],[-117.12196494191038,33.38095184196928],[-117.1216879390965,33.37984384220571],[-117.12060594399668,33.37923884236793],[-117.1213329419638,33.37239584023995],[-117.12403294172316,33.37250084249354],[-117.12508794129646,33.37187684134555],[-117.12683394358643,33.371456839392785],[-117.12763294473966,33.36948684039891],[-117.12759894432367,33.36806483984309],[-117.12864294415765,33.36725584055604],[-117.13042094135747,33.36475784042594],[-117.13215994434556,33.364383838570376],[-117.1333689439953,33.36355283978205],[-117.13461694510637,33.36171983805601],[-117.13641994466818,33.361247838629126],[-117.13593994581491,33.36019883767219],[-117.13528494367607,33.359648838197764],[-117.1346569443001,33.35732283895353],[-117.13547694362084,33.35505783682371],[-117.1351449449216,33.35241883816334],[-117.13553278397383,33.34685092161859],[-117.13455869005266,33.34459525052794],[-117.13291694224145,33.34271783687536],[-117.13290494274338,33.34134383757957],[-117.13330494277979,33.34012283696808],[-117.13285594199812,33.33929483648359],[-117.13447994341334,33.337042834824125],[-117.13496894141623,33.33679483514468],[-117.13618894068561,33.337236835600024],[-117.13958194156434,33.33978683566093],[-117.14114894274007,33.339885836273844],[-117.14282594267826,33.33872683674638],[-117.1584479447183,33.32394683348828],[-117.15750194499647,33.321593830951365],[-117.15294194172961,33.3143248325596],[-117.15151994408454,33.311180832595255],[-117.15062094207197,33.30721783106276],[-117.15025794171699,33.30031183145974],[-117.14720494028911,33.29957483023834],[-117.1431149403864,33.29946683152589],[-117.14162594132873,33.30097583131202],[-117.13919194046933,33.30002283199645],[-117.13663893968682,33.29987083316522],[-117.13343293915078,33.2990118316922],[-117.13073393880785,33.29699083151235],[-117.1288329378456,33.29616083164656],[-117.1259469363974,33.29567883135753],[-117.12433493450014,33.294652831618706],[-117.12411993666545,33.29344183227972],[-117.12262393566733,33.292345829744534],[-117.12226993451767,33.2911448300629],[-117.12066893507385,33.28952983188368],[-117.12131493544459,33.28771483067464],[-117.12085493561406,33.28522583141907],[-117.1190369364698,33.28367883184919],[-117.11609393459227,33.28262683066356],[-117.11430993307468,33.28087182983936],[-117.11400993515367,33.27915382985044],[-117.1131969323038,33.27757583148317],[-117.1126299313843,33.27711883040908],[-117.11280793279549,33.276304829464124],[-117.11221293175254,33.27419782969892],[-117.1122289563248,33.26862287839538],[-117.10993193399128,33.26798783049852],[-117.10941993153152,33.26831782799719],[-117.10879893288585,33.26950082859886],[-117.107891930672,33.26937983070127],[-117.10555293155832,33.2702048279092],[-117.1040819313118,33.270040831213144],[-117.10361493063535,33.270525829457775],[-117.10242493052968,33.27072782803416],[-117.10198892873177,33.27038882879079],[-117.10144092950281,33.270608828810886],[-117.10069292975649,33.27033482865038],[-117.0972409317215,33.27088483034445],[-117.09610393187991,33.270543828577104],[-117.0954519316237,33.27092582980589],[-117.0940069275914,33.26982783042552],[-117.09175492954208,33.269489829820365],[-117.08844692928297,33.270609830283476],[-117.0848799281499,33.271349830747035],[-117.0845319274146,33.272618830202966],[-117.08482791353296,33.27423983089659],[-117.08409192933183,33.275673829831405],[-117.08414092728299,33.27752183297121],[-117.08350092903342,33.279512831083785],[-117.08358992976751,33.279933831259264],[-117.08419092892697,33.28022783350491],[-117.08405092793191,33.28093883316264],[-117.08430492905352,33.28148783302534],[-117.08358992714992,33.28325983369071],[-117.08389992742393,33.284146832666366],[-117.08361492835637,33.284762834620594],[-117.08374192930579,33.2862808317799],[-117.08330892835704,33.28885883299015],[-117.0836389304726,33.289805833291915],[-117.0823669306298,33.28985283206324],[-117.08137292881231,33.29061483316528],[-117.08145792774279,33.29282483304235],[-117.0827189293754,33.29595583604539],[-117.08354193045618,33.296311834049426],[-117.08636793282356,33.296209833622214],[-117.08459794177118,33.30007283720169],[-117.08422993048353,33.30176783397762],[-117.08423592984369,33.304134834154524],[-117.08331393167056,33.3066878348112],[-117.08333893078483,33.30811783515078],[-117.08394591384345,33.31065783628565],[-117.07932893172284,33.31262183681306],[-117.07857493191034,33.313305834751056],[-117.07558992899897,33.31389383635323],[-117.07256793009104,33.31396483620252],[-117.07233692934739,33.31694683545062],[-117.07252092578021,33.320770839533495],[-117.06922792524291,33.32077084086965],[-117.06918492725843,33.317099840589826],[-117.06496292923772,33.31707383790103],[-117.0649539286136,33.31368783623305],[-117.06315092783721,33.313660837342375],[-117.06240792964735,33.31311983767799],[-117.05978792730518,33.312484837791494],[-117.05944892792006,33.312039838999546],[-117.05684292562064,33.311535835227446],[-117.05577892665916,33.31086383740958],[-117.05500492559383,33.311165837236175],[-117.05412392534242,33.31094383645868],[-117.05369092514081,33.30988083652913],[-117.05211492678626,33.3088078369786],[-117.05058592262692,33.3084008376205],[-117.04969092402766,33.30692283831636],[-117.04936992407053,33.30556583757891],[-117.0462839240147,33.299934837290174],[-117.0466429239673,33.29836683663921],[-117.04552892381307,33.297114836070634],[-117.04334692274911,33.29628883528523],[-117.040407923702,33.294552836999195],[-117.03869392149225,33.2945068376235],[-117.03686191374275,33.29339485052252],[-117.03471292250701,33.29357983583746],[-117.03377192230444,33.293323836115874],[-117.03276591956848,33.292549836070975],[-117.03115092018842,33.29200583599172],[-117.02992591905631,33.29099583608382],[-117.02797491925524,33.29044283767163],[-117.02650492013285,33.29089683696848],[-117.02615292053888,33.29201183585315],[-117.02393992126005,33.2928708364999],[-117.02333091456397,33.29536983848043],[-117.02153991960876,33.29761583745061],[-117.01884192085146,33.29931283740503],[-117.01724791841941,33.30081583774139],[-117.01301991905166,33.30292283841915],[-117.01138891604526,33.30472583720411],[-117.01168291738831,33.305455840915094],[-117.01248591838954,33.3057298399904],[-117.01592992011051,33.30447783819881],[-117.01859691973027,33.30431583923754],[-117.01939991986049,33.304776838436894],[-117.01987991803928,33.30560683712305],[-117.01980793796878,33.30643784540162],[-117.01929491693735,33.30705983860436],[-117.01130991406939,33.30940683857111],[-116.99291091459723,33.318919842129084],[-116.9899349165716,33.3149158405123],[-116.978384911072,33.303345841292185],[-116.97339290936715,33.300849842337264],[-116.96780290801102,33.29075184039797],[-116.96686790795442,33.289943840688764],[-116.9586999080951,33.288439839265045],[-116.95529447660766,33.2852934176208],[-116.94658628707568,33.2853140493642],[-116.94055391756629,33.28380420882238],[-116.92791747290762,33.28774553686769],[-116.92780531818114,33.25592069267637],[-116.8718757515411,33.25616409246499],[-116.87184778057397,33.252223389409735],[-116.85882976919873,33.25234806913657],[-116.85879140786241,33.24806079768034],[-116.84999492071476,33.24809814395453]]]}},{"type":"Feature","properties":{"name":"FALLBROOK"},"geometry":{"type":"Polygon","coordinates":[[[-117.17316794411714,33.25145182340432],[-117.1680239433137,33.25198482471325],[-117.1632149398059,33.25313382520317],[-117.15877994090899,33.253244823184595],[-117.1561959398657,33.252937825054325],[-117.15789393811023,33.257077825181135],[-117.15863393880186,33.25997682443115],[-117.15887194183802,33.26375682525884],[-117.15842594201838,33.26715582676454],[-117.156856938955,33.2717108260322],[-117.15070794101841,33.28270882893265],[-117.14986494043632,33.28569982920558],[-117.14956594048572,33.2889718280765],[-117.15056694065417,33.30664283221558],[-117.15102794150437,33.309513832744756],[-117.15266994349987,33.31382483190251],[-117.15727994583459,33.32119583260138],[-117.1584479447183,33.32394683348828],[-117.14282594267826,33.33872683674638],[-117.14114894274007,33.339885836273844],[-117.13958194156434,33.33978683566093],[-117.13618894068561,33.337236835600024],[-117.13496894141623,33.33679483514468],[-117.13447994341334,33.337042834824125],[-117.13285594199812,33.33929483648359],[-117.13330494277979,33.34012283696808],[-117.1328519420642,33.34243183688207],[-117.13457367213826,33.344619535184954],[-117.1355258221795,33.34681008956185],[-117.1351449449216,33.35241883816334],[-117.13547694362084,33.35505783682371],[-117.1346569443001,33.35732283895353],[-117.13528494367607,33.359648838197764],[-117.13593994581491,33.36019883767219],[-117.13641994466818,33.361247838629126],[-117.13461694510637,33.36171983805601],[-117.1333689439953,33.36355283978205],[-117.13215994434556,33.364383838570376],[-117.13042094135747,33.36475784042594],[-117.12864294415765,33.36725584055604],[-117.12759894432367,33.36806483984309],[-117.12763294473966,33.36948684039891],[-117.12683394358643,33.371456839392785],[-117.12508794129646,33.37187684134555],[-117.12403294172316,33.37250084249354],[-117.12156794354654,33.372287841597604],[-117.12118894144889,33.37264584127647],[-117.12060993862322,33.379278841663904],[-117.1216879390965,33.37984384220571],[-117.12196494191038,33.38095184196928],[-117.12265994166634,33.38180583971196],[-117.12495996398918,33.3816798439034],[-117.12480294117469,33.38246084145553],[-117.12506393999816,33.382852841917355],[-117.1298279437837,33.383299842416555],[-117.13147894588926,33.38384684090079],[-117.13349294582981,33.383647841484034],[-117.13454294519524,33.38475284132013],[-117.13398294365031,33.387005842063125],[-117.13312194673077,33.38675084074264],[-117.13239794567076,33.387667842367016],[-117.13086494453495,33.38798384252939],[-117.13046892998273,33.38932084160406],[-117.13053494287666,33.39105384367919],[-117.12959094536542,33.392579843912664],[-117.1300859439993,33.394274844014504],[-117.13021094600613,33.39820484292048],[-117.12683694344167,33.40270984344083],[-117.12751494498445,33.40438284443389],[-117.1271199458202,33.405969844880836],[-117.12872894709315,33.407661842726576],[-117.12833594567459,33.40882284403267],[-117.1272769469736,33.40964084479575],[-117.12585594685386,33.40989484464752],[-117.12370794674437,33.41010284355724],[-117.12302294681638,33.40947684609337],[-117.122572946751,33.40954384650912],[-117.12180394397107,33.41064184538337],[-117.12052394517917,33.411195846421215],[-117.12007294323975,33.41201384601219],[-117.11987894515039,33.414034844822474],[-117.11955794375011,33.414340843903815],[-117.1190479444841,33.41405284505999],[-117.1183179460538,33.41511884613522],[-117.11792796367787,33.416478847940255],[-117.11544394497774,33.41590184726019],[-117.11478294465473,33.41709984612841],[-117.11521794205707,33.41750884691491],[-117.1152179456296,33.41838184663552],[-117.11269194369675,33.41853484606361],[-117.1120899430103,33.41829384754396],[-117.11164694450862,33.41764584725901],[-117.10905294282016,33.41883184564801],[-117.10854994379432,33.420601847731334],[-117.10729694237745,33.42244684830379],[-117.10579194512238,33.4232168477786],[-117.10470194272274,33.42411984722998],[-117.10452494319873,33.42465884916316],[-117.10335794421886,33.42531784688801],[-117.10278994507445,33.42615384882502],[-117.10143494369089,33.42591984892523],[-117.10078294240591,33.426121848165316],[-117.09882817714045,33.430261555899044],[-117.10440936035117,33.430259744506],[-117.13879745568806,33.432593908418276],[-117.24136417610514,33.43193395038149],[-117.24153593365806,33.446703390057635],[-117.30177522585353,33.46824247902817],[-117.37079757172687,33.4906923595381],[-117.36428601180705,33.50490449092777],[-117.43264543401091,33.50538401887937],[-117.50909550970745,33.50517645676117],[-117.50946701782108,33.484031831757505],[-117.49047501529802,33.50122983579197],[-117.4876850155891,33.5033488360141],[-117.48272701439605,33.50014983589135],[-117.48368101488245,33.497525834990086],[-117.47830001362516,33.494815835583125],[-117.4719240128648,33.48785883475817],[-117.47542201053706,33.47021483225722],[-117.47210001015854,33.47054583344517],[-117.46991100953764,33.47125283348119],[-117.46881600996882,33.47277283392578],[-117.46674500903481,33.4736708337332],[-117.46616901031251,33.47452583412848],[-117.46621900931424,33.47613683411019],[-117.46512500977161,33.477275834258705],[-117.45796800815403,33.475702834527326],[-117.43428600461007,33.46813883474882],[-117.40776699792747,33.46014883583768],[-117.4005339967327,33.45578783521607],[-117.39744099541184,33.444638833361964],[-117.36353698951493,33.444684834789314],[-117.36342998907556,33.43015683419737],[-117.34421998492323,33.43052183444604],[-117.34065698592617,33.43083283536717],[-117.33963898431581,33.43051783517803],[-117.33503698428815,33.43067683471221],[-117.33506198342042,33.42702783463638],[-117.33953098468105,33.42690883489863],[-117.33938798421903,33.42012183512895],[-117.33070098186178,33.42002883426057],[-117.33063398304039,33.42351183522227],[-117.32638898219194,33.42351183561887],[-117.32652298112019,33.41665883479688],[-117.32450198043543,33.41654683486466],[-117.32470398020423,33.413064834212214],[-117.323066980182,33.413092834293735],[-117.32315898175204,33.41652583498243],[-117.317987979704,33.416580834692994],[-117.3180149804467,33.412976834852415],[-117.3135679789238,33.4128558344697],[-117.31350097823463,33.40786083368338],[-117.29527297663225,33.41784383609652],[-117.27432197171105,33.40738983600633],[-117.26216996879167,33.40640483649987],[-117.25526396833303,33.40646083666362],[-117.25737996740878,33.39163483556536],[-117.25818096813042,33.388450835849284],[-117.26206400257607,33.35841495984621],[-117.25364518848443,33.358351652068606],[-117.2535099630806,33.339759829832396],[-117.2494109618032,33.33960382872994],[-117.2492552736726,33.32917641658895],[-117.26009196206839,33.32915512572322],[-117.26009196140409,33.321857828583276],[-117.24921595998255,33.321838832452855],[-117.24900095944547,33.312978826837366],[-117.24816096080838,33.31116882808047],[-117.2457109597847,33.3077658256802],[-117.24481795705407,33.30456182621526],[-117.2429039580142,33.30325682722612],[-117.24246795694432,33.302625825980535],[-117.24212795908443,33.300097826007566],[-117.24293695785538,33.297018824982885],[-117.24272695675754,33.295763825739606],[-117.24319195818246,33.2937218244412],[-117.24148495760176,33.292629824407534],[-117.24238395744652,33.29011382552271],[-117.24246495594183,33.28829382389187],[-117.24456195793928,33.28660382466073],[-117.24478095426119,33.28599182568598],[-117.24612695732058,33.284652822275575],[-117.2462329555219,33.2839948224829],[-117.24692995575292,33.28336182393953],[-117.24722595631422,33.28254182239941],[-117.24648995877209,33.282058823512976],[-117.24755495573137,33.281134823314126],[-117.24679095714443,33.28085582408817],[-117.24705995596345,33.27999482386153],[-117.2466589577143,33.279752822175574],[-117.24647795769542,33.279051822322906],[-117.24565995807976,33.27905782297827],[-117.24584316736352,33.278038626665555],[-117.2449999568169,33.278012313257136],[-117.24497595662856,33.26708682075098],[-117.24404995296219,33.26708982153691],[-117.24153695518632,33.26850482281098],[-117.23663195309405,33.26726782197002],[-117.23708595262364,33.263451821742],[-117.23617095471985,33.26097182088907],[-117.23621695964994,33.25973183302156],[-117.23540295497577,33.260168822040846],[-117.23321895159138,33.265640822717074],[-117.233069951151,33.26729082274758],[-117.23060695361315,33.26727382143343],[-117.22817495112812,33.26638382251013],[-117.22394795136563,33.2635218226837],[-117.22204295102426,33.26337582238958],[-117.21845595240441,33.261980823226736],[-117.21746494905126,33.26117782153727],[-117.21500495137596,33.260601824032534],[-117.21260194977313,33.25871482134452],[-117.21247894456809,33.25815682148422],[-117.21287394901756,33.256919821160636],[-117.20955694778685,33.25605982210707],[-117.20732095234025,33.2544908156003],[-117.20395494863162,33.25335382079438],[-117.20114494658209,33.2527848244329],[-117.19539894704016,33.25228182323655],[-117.19012694694118,33.25317182334424],[-117.18489294478674,33.25249182362549],[-117.18010894353529,33.25360382272436],[-117.17836694147715,33.25324082314739],[-117.17529994185976,33.25171282446055],[-117.17316794411714,33.25145182340432]]]}},{"type":"Feature","properties":{"name":"PALOMAR-JULIAN"},"geometry":{"type":"Polygon","coordinates":[[[-116.70371484251636,33.02097882054558],[-116.70520384588768,33.021913821678545],[-116.70478884135214,33.022974821571204],[-116.70387584278762,33.02407682066192],[-116.70238584539001,33.02430482049637],[-116.70047584371726,33.02541082182095],[-116.6992538447788,33.02520882112117],[-116.69756384273848,33.02554682100504],[-116.6959698421673,33.02670582177994],[-116.69493684115963,33.02693382385339],[-116.69374084260143,33.02563182178802],[-116.69231184071398,33.025330821004566],[-116.6906748421511,33.024238821306895],[-116.69096184108102,33.02303682087905],[-116.6899188421189,33.02319382261714],[-116.68804484038561,33.02224082384608],[-116.68726084100952,33.02162482299086],[-116.68702183906039,33.02071982119927],[-116.68644084057115,33.02044482249456],[-116.68471284002067,33.02036282343421],[-116.68315383926199,33.02125282292596],[-116.68072284068779,33.02155982320239],[-116.67685683953067,33.02129282355733],[-116.67472583828709,33.0240608225438],[-116.67302183775905,33.02538282311057],[-116.67078383780816,33.0262548222663],[-116.66808583795743,33.02627882279619],[-116.66706583939379,33.026996824436225],[-116.6653758362134,33.02667882412317],[-116.66443583560022,33.027790824930655],[-116.6619288344887,33.02967382365038],[-116.65820783546508,33.03122482467519],[-116.65719283599103,33.03109582311444],[-116.65679083416417,33.03165282490971],[-116.65589883501838,33.03199082364919],[-116.65559383536477,33.03262982609727],[-116.6541698367544,33.033444825322576],[-116.6527418335535,33.03313382440844],[-116.65169683696814,33.032114824095096],[-116.6511598341046,33.032714823682596],[-116.65036183408458,33.03297882474826],[-116.65043483234989,33.034001825766424],[-116.64998483594493,33.0345078257414],[-116.64894383342215,33.03453582703064],[-116.6482788332609,33.033898825271514],[-116.64717983438517,33.03451082400128],[-116.64644183469522,33.03513782725542],[-116.64630783248477,33.035780826885],[-116.64726283377917,33.03592482465836],[-116.64803883532689,33.03673082613756],[-116.64847783578496,33.03824982644713],[-116.64804683360015,33.03925282723028],[-116.64819383603887,33.039780826713006],[-116.6477258340445,33.04032782767518],[-116.64776183653295,33.041236824674556],[-116.64640683545579,33.0434588296255],[-116.64585183507864,33.04363382626829],[-116.64519882326763,33.04332383671787],[-116.64451983424306,33.042378826013795],[-116.64322383301202,33.043282825346786],[-116.64150383339118,33.04378382924075],[-116.64017783402696,33.043482825757856],[-116.63944883135343,33.04402682767121],[-116.63940783497304,33.04536682659636],[-116.63887983486823,33.04703082785885],[-116.63813683443249,33.04715282864757],[-116.6375718337256,33.047800828567595],[-116.63613383411337,33.048389828642925],[-116.63628883140473,33.047507829043546],[-116.6355628337785,33.04665382864039],[-116.63536183359354,33.044456827793084],[-116.63590283193243,33.044126829400824],[-116.63680783135233,33.04270482844036],[-116.6370638345578,33.04158582746059],[-116.63619383124728,33.04138182520887],[-116.63559783296174,33.040527826072726],[-116.63554983320722,33.03937382895481],[-116.6362248335055,33.03792682796326],[-116.63492583233928,33.0366118269191],[-116.63433283153948,33.0353328262687],[-116.63350083207412,33.035170826067755],[-116.63381383396948,33.0345128265157],[-116.63481683248126,33.033841827402334],[-116.63483383103731,33.03246182565647],[-116.63561283350735,33.031581824781846],[-116.63550383153999,33.03124182666375],[-116.63406683177524,33.03085182439142],[-116.63527883344408,33.02938482645327],[-116.63722683231828,33.030370825407815],[-116.6380208313556,33.03025082480207],[-116.63905383179822,33.028774824966064],[-116.63957483396496,33.02735982651169],[-116.63769083301165,33.02614582681532],[-116.63734283131417,33.02508982528222],[-116.63657183164996,33.025955824639375],[-116.63474583133652,33.025832825250234],[-116.6357578296845,33.025219824761095],[-116.63586283267377,33.024142827076695],[-116.6364048305813,33.02352382531971],[-116.63577583077084,33.02256982482102],[-116.63539683104976,33.01807482588333],[-116.63492183280576,33.01675982504882],[-116.63396983052124,33.01715082499674],[-116.63240583008763,33.016841823316874],[-116.63120583094391,33.017460822789964],[-116.63112382877767,33.01624182537191],[-116.6302018293035,33.01612882360509],[-116.62973083027407,33.01510782458731],[-116.62856782861292,33.014811827097304],[-116.62560282802534,33.01143982756862],[-116.62423482956424,33.011328824081744],[-116.62275182932697,33.0122708283066],[-116.62167782861184,33.01223182287475],[-116.6213268281171,33.009849824208146],[-116.62223883018862,33.00955682486928],[-116.62238282706286,33.0089888246982],[-116.62109382957368,33.00656482361019],[-116.62111482618262,33.0047928255184],[-116.62051582691775,33.00541282372602],[-116.62031982709857,33.00726582327868],[-116.61821782719974,33.009660824086744],[-116.61517382811832,33.010214824074595],[-116.61492382605242,33.01081082373054],[-116.61312982800276,33.01149682554158],[-116.6125988282963,33.012099824785615],[-116.61179282517159,33.011851825597866],[-116.61283382754351,33.01038782427568],[-116.61349682459206,33.010037824469066],[-116.6142508262704,33.00834282509524],[-116.61401082772076,33.00823482579284],[-116.6129318260584,33.00948482362241],[-116.61120382870688,33.01025982548732],[-116.60943982533892,33.01156582529754],[-116.60707282516648,33.012314825924626],[-116.6052558355215,33.01058881090742],[-116.60406082423113,33.01020782419018],[-116.60354082450587,33.00851782600131],[-116.60362182333908,33.007741825703675],[-116.60412682647204,33.00732582457542],[-116.60383582477282,33.00526582275114],[-116.60265882506654,33.004188824041],[-116.60309782317219,33.00335182352626],[-116.60144382434133,33.002241825786385],[-116.600549822924,33.00217282292785],[-116.59856282461901,33.00119582455234],[-116.59775382486967,33.00000682278178],[-116.59610382370693,32.99894382267364],[-116.59534282240999,32.99753382326066],[-116.59339982403218,32.99708982404062],[-116.59279382292988,32.99666882335247],[-116.59045682190474,32.996310822776934],[-116.5894518205962,32.995519823613925],[-116.58932182227191,32.99476482536375],[-116.58887582337897,32.994427822380395],[-116.58641382158306,32.99446482313582],[-116.58578482085525,32.99376182533057],[-116.58622081968608,32.992502824270986],[-116.58570481865756,32.99170282405635],[-116.58105681996942,32.9911098230802],[-116.57966881687298,32.9906248237292],[-116.57835682030957,32.991169824582556],[-116.5762908182044,32.99079182566103],[-116.57233581905209,32.99298582546404],[-116.5716188168061,32.99409882393396],[-116.5667708176805,32.99895782554855],[-116.56565481806643,33.00142082531726],[-116.56450781939145,33.00238182813501],[-116.56371381960777,33.007817826514945],[-116.56114181742694,33.01114782664055],[-116.56169081778911,33.01422582657727],[-116.56255881808826,33.01595282824391],[-116.56233481888735,33.017231828407596],[-116.56134081765332,33.01856882939076],[-116.5594308141944,33.017262827951015],[-116.55876481264147,33.01714882717938],[-116.55722981378317,33.017553829159496],[-116.55497481612824,33.018810829722234],[-116.55395981282606,33.01888382111387],[-116.5503758123317,33.02014282845753],[-116.5492578143198,33.01941083087723],[-116.54637281323079,33.01937382811641],[-116.54475581412579,33.0189788304874],[-116.544061811588,33.018630829154134],[-116.54412581327509,33.01798583047418],[-116.54300281611566,33.01642782877945],[-116.54292581298559,33.01484882932733],[-116.54161881356427,33.01389482778532],[-116.54174881231047,33.01236682897023],[-116.54022481309275,33.01058882884213],[-116.53862281595481,33.01113782940507],[-116.53802681605158,33.01091282973992],[-116.53817481249578,33.011355830105444],[-116.5372308145701,33.013533829190244],[-116.53623881367322,33.013563829430694],[-116.53561981251606,33.01269382848423],[-116.53508481286266,33.012506828810416],[-116.53429981237198,33.0134608312009],[-116.53453981400298,33.013885828523996],[-116.53434181498616,33.0146518300053],[-116.53396981262192,33.01441882748123],[-116.53414681258829,33.013902828731474],[-116.53254481064299,33.01380782952678],[-116.53289281437213,33.012555828279055],[-116.53021181225799,33.013001829629765],[-116.52987581153104,33.01272382944784],[-116.52997981084567,33.01225482932719],[-116.52912881076854,33.01180482883411],[-116.52744281371425,33.012494827881234],[-116.52716481230344,33.01363682934243],[-116.52663181278183,33.01414182978129],[-116.52758781300003,33.0161388286704],[-116.52730481261776,33.016461829203365],[-116.52764981176729,33.0173018309815],[-116.52746781293484,33.01808282989127],[-116.52787681020692,33.020066831214415],[-116.52761081443343,33.02056483148098],[-116.52848481312388,33.021255831035134],[-116.52901281194715,33.022534830993266],[-116.53001481456776,33.023781830677194],[-116.5300978138014,33.02589082988859],[-116.53062681296075,33.02630983266397],[-116.53116881286294,33.028202831495214],[-116.53180681384546,33.02869983039716],[-116.53388681379646,33.03242983133476],[-116.53518581592104,33.03352183054318],[-116.53614381527785,33.03489883131465],[-116.53647181391169,33.03569383075553],[-116.5365828140992,33.0378798326985],[-116.53724381502428,33.03809883248163],[-116.53717681717814,33.038592831782644],[-116.53789381570286,33.03948583065103],[-116.53786681568867,33.04024183261499],[-116.53740181568152,33.04093483133073],[-116.5385898153013,33.042097832118536],[-116.53836381609493,33.042635832352275],[-116.53912181600498,33.04271283160029],[-116.53878381508976,33.043509831450486],[-116.53897981730188,33.04391283385278],[-116.54020281612475,33.04486483267916],[-116.54027884223949,33.04621086230326],[-116.53938481504025,33.04687683338503],[-116.53930881579485,33.04814783194495],[-116.53864381566177,33.048640834406854],[-116.53878881689539,33.0492778332044],[-116.53833781815773,33.050081834194394],[-116.53885581589734,33.05043383421883],[-116.54073881447542,33.05059483378515],[-116.54040581732586,33.05107183332386],[-116.54182981733425,33.051935833285874],[-116.54230281893193,33.05385983400458],[-116.54277781828435,33.05416883324869],[-116.54504681643661,33.05898083271658],[-116.54690881916983,33.060504834273374],[-116.54671881968925,33.06118883532294],[-116.54705681984348,33.061919835565874],[-116.54657481933113,33.0621708337797],[-116.54718982045607,33.062392833403194],[-116.54757281900552,33.06350683343858],[-116.5467598178601,33.064569835953456],[-116.54662982027786,33.06572683408566],[-116.54597481890045,33.065861833189324],[-116.54565381921424,33.06665783417183],[-116.54481181718006,33.06717383625099],[-116.54647882095836,33.06734383489237],[-116.54692681863287,33.06708083445631],[-116.54773882039105,33.06746383603363],[-116.54660781959957,33.068914836295114],[-116.5443388074805,33.07074782238411],[-116.54308281818955,33.070885835714655],[-116.53894281713013,33.07307483630121],[-116.53794581629057,33.07404483521978],[-116.53458581668366,33.076055836411065],[-116.53292681764157,33.077819837148965],[-116.53175081802607,33.078452837287884],[-116.48126380647318,33.09449883985051],[-116.46821580737691,33.09956284238889],[-116.45936980630911,33.10065384175886],[-116.45420180487885,33.10300784380907],[-116.45309580524597,33.1042788450122],[-116.45098980323328,33.10580584359038],[-116.4507828060488,33.1078608467394],[-116.44917580693108,33.10899884543884],[-116.44906280301394,33.11061984512598],[-116.44664280403505,33.111271845562044],[-116.44575980343959,33.11252284725105],[-116.44474880311836,33.112908844288874],[-116.44300480545039,33.114608845336384],[-116.4410848044809,33.11506684440763],[-116.438742804317,33.11612184634805],[-116.43453280399106,33.11951784748594],[-116.43420974025898,33.120670686265015],[-116.43554180365454,33.12228184672582],[-116.43580180312654,33.124460847625166],[-116.43565080294722,33.126128847530154],[-116.43459980310703,33.127201849818185],[-116.43444180576068,33.128658849135995],[-116.431276805463,33.12923684923031],[-116.42934180429006,33.12849684857049],[-116.4277388017807,33.12835384889455],[-116.42025480166375,33.129529847517894],[-116.41763380290251,33.132396847990535],[-116.41754180101074,33.133498849988605],[-116.41698780090435,33.134527851179875],[-116.42200580472125,33.13465485070061],[-116.43181080517618,33.13899184971939],[-116.43501780533603,33.139725848871464],[-116.44985880844851,33.14757085018402],[-116.45548181158303,33.1491728486254],[-116.46215380993242,33.15198584848993],[-116.46271081071383,33.1516088486466],[-116.46392380970872,33.15188684995878],[-116.46498381354905,33.152596848720414],[-116.46889781224331,33.15185285068127],[-116.47484181334272,33.152302849355046],[-116.47606981139315,33.1520548483393],[-116.47658081410704,33.15222984878247],[-116.47718381306531,33.1530888497604],[-116.48009081397504,33.15446184991546],[-116.48015181664046,33.155274849365235],[-116.4843168163835,33.1564688479005],[-116.48554181432567,33.15719284852466],[-116.48767581475956,33.15703585077499],[-116.48857681525853,33.15763184773351],[-116.49141881632963,33.157238848015844],[-116.49362481796727,33.15829284988246],[-116.49608881633213,33.157743849507646],[-116.49962681929841,33.15878184841179],[-116.50053181760659,33.15980684777252],[-116.50337382040426,33.1601798499643],[-116.50662581804288,33.162330848905704],[-116.50817581903233,33.161856848756734],[-116.51154682144418,33.1623548471299],[-116.51337282016948,33.16393584710018],[-116.51437682087855,33.16645784954769],[-116.51629205653174,33.167510479016464],[-116.51722370581616,33.1815587913451],[-116.51291821841397,33.181193478091195],[-116.51273600069642,33.178132193462716],[-116.50787182138957,33.1777918490195],[-116.49509995363114,33.177951189675646],[-116.49539000064686,33.18117066777855],[-116.5005285095142,33.18099632835188],[-116.50007081866515,33.18170384995445],[-116.50034481883326,33.18461285000987],[-116.49933782059608,33.18518685158722],[-116.49854682170835,33.18461385071366],[-116.49846481838304,33.18397284971862],[-116.49745681898064,33.18378985121836],[-116.4941878183417,33.185119851627256],[-116.49285282088066,33.185990853390976],[-116.49258082061094,33.1865188513816],[-116.492963817038,33.18823685367747],[-116.49500782087644,33.18983985230377],[-116.49948982041191,33.191718852325025],[-116.49948815073759,33.19577735082255],[-116.4999845137645,33.19577279535504],[-116.49984507924327,33.20305072262843],[-116.50406547961721,33.20300882515904],[-116.5038549749909,33.21046863159167],[-116.49530007260941,33.210504818905406],[-116.49592054354403,33.22325894702187],[-116.4959335685818,33.22464959283149],[-116.4956066077792,33.22465414159727],[-116.49554140165208,33.22815680399441],[-116.49590831394963,33.22961864197786],[-116.49625559988078,33.22964255623938],[-116.49584230046685,33.23173225040817],[-116.49131638282901,33.2317768641672],[-116.4913359413114,33.23887854378219],[-116.49044013102828,33.24256855649371],[-116.49980959018359,33.24263189882671],[-116.50082400087814,33.25257945984133],[-116.50154782736091,33.341288568146744],[-116.56689992524824,33.341515218599255],[-116.56780727848327,33.34927685757877],[-116.58518987127385,33.34988527152703],[-116.58505553156479,33.3532859701476],[-116.58030097406132,33.35313199709659],[-116.58029584670459,33.35419786702263],[-116.57234884673441,33.35449286785668],[-116.57262684584603,33.35544586723032],[-116.57192794924306,33.3557789065639],[-116.57188712314701,33.35627608068866],[-116.5676297727229,33.356126124221575],[-116.56744690547573,33.362912057578804],[-116.58466126879364,33.363223856259374],[-116.59387961199454,33.36372407578554],[-116.60154974002077,33.363183057170595],[-116.61785214253152,33.363373889587926],[-116.61771577421318,33.42744336516621],[-116.63400078645056,33.427135804212746],[-116.719554745741,33.427571839669824],[-116.77055143987074,33.42707062274022],[-116.8571179888941,33.426840246768585],[-116.97749272071441,33.42740202583608],[-116.99883017370131,33.426960786739436],[-117.03088801753684,33.426873529845984],[-117.03086264849064,33.42990509586166],[-117.05234673138318,33.43008438405955],[-117.05197393228426,33.41534585017271],[-117.03944593125648,33.41485685025579],[-117.03303685876716,33.414948979846024],[-117.03203271692686,33.40754280423902],[-117.03226555182175,33.40060452835134],[-117.01590189933837,33.400541541210565],[-117.01577420530303,33.38651317719999],[-116.928021390526,33.386538016449926],[-116.92820112093783,33.342959359425734],[-116.93260504595449,33.34292768012986],[-116.93255539426019,33.346637537529986],[-116.93552230573451,33.346651433445324],[-116.93687138900226,33.34664398134528],[-116.93694021206574,33.342896568339505],[-116.97067531879632,33.34277655242641],[-116.900110031433,33.31615646607574],[-116.90139921242815,33.31462427313951],[-116.89509829009576,33.31437143443551],[-116.8951174010765,33.30008673450514],[-116.87500721841859,33.29984776499236],[-116.84057906476444,33.300180852264894],[-116.84116188556972,33.290455844911875],[-116.84116888299488,33.28514084491467],[-116.82386788297781,33.284540846207804],[-116.82406888294815,33.27014184677832],[-116.8147558826281,33.27001784679762],[-116.8152678814654,33.255641844266016],[-116.8217878832941,33.256073843518934],[-116.82851488223814,33.25575584121308],[-116.84061116331704,33.25594430620072],[-116.84162065804783,33.24072598110944],[-116.84179144289301,33.22630441440844],[-116.84077838533581,33.21185273662443],[-116.84919584437185,33.2120871992228],[-116.8491480113348,33.204611807747284],[-116.86169521501762,33.204576943603335],[-116.86817803815028,33.20175353279087],[-116.87417079697762,33.19399227536491],[-116.87774604201111,33.184277870765165],[-116.87987093652661,33.180685925475],[-116.87935436336961,33.17747566418403],[-116.88796625390458,33.17387521304798],[-116.89311779742222,33.169962366814964],[-116.89338188811301,33.157464828156705],[-116.89282688021257,33.11251382055409],[-116.89288822716355,33.090096905731954],[-116.89240488154309,33.09056681952309],[-116.89273288029057,33.091901820301715],[-116.89245788232516,33.092747819916376],[-116.88828488078623,33.09336982095995],[-116.88743088122354,33.09443882077618],[-116.88334888098058,33.094743820217985],[-116.88154788063834,33.096143819840336],[-116.88096888008711,33.09764682063756],[-116.87954887974628,33.09801982081814],[-116.87917487967438,33.09964882164825],[-116.87864887903557,33.10019782196263],[-116.87756588046466,33.10072882197571],[-116.87637487908385,33.10086982131817],[-116.87386487961335,33.10220082046885],[-116.87143887750078,33.10258982392941],[-116.87049287738623,33.103837822729645],[-116.86921087742782,33.10484482300554],[-116.86875287908651,33.10664082363888],[-116.86839487675884,33.10702282245527],[-116.86554087748354,33.10688582303695],[-116.86474787539717,33.10748782324042],[-116.86389287784009,33.10758382433589],[-116.86247387585037,33.10731182186837],[-116.86107787708288,33.106415823169456],[-116.85978787870691,33.10614082331689],[-116.85704987579135,33.10598882350719],[-116.85575187486337,33.10655682228845],[-116.8545548762907,33.10795782265782],[-116.85402787470444,33.10919282416761],[-116.855522875971,33.113362824838426],[-116.85476787529954,33.118069826892544],[-116.85417987506096,33.11944682369862],[-116.85247887541347,33.12029382493158],[-116.85160887585054,33.120190824761856],[-116.85076987559074,33.119957825047955],[-116.84823687645645,33.118290826040095],[-116.84538387495483,33.117833825015815],[-116.8436288740388,33.118352824313135],[-116.84081387544245,33.11990082746987],[-116.84012687234065,33.1213998269301],[-116.837616872202,33.12260182497212],[-116.83645687637993,33.123593824692705],[-116.83451087314852,33.12408182611222],[-116.83248887414217,33.12435982717057],[-116.83077287232797,33.124084827944934],[-116.82830087115087,33.12484482636123],[-116.82557687199858,33.12479182751585],[-116.82418087366015,33.12518382701863],[-116.82216687096498,33.125187826992075],[-116.82021387071508,33.12450082727643],[-116.81993886958057,33.12363182807419],[-116.82016786992298,33.12269682744884],[-116.81887087025716,33.12034282634997],[-116.81836687002436,33.12011482833523],[-116.81710087090217,33.12040782735995],[-116.81653587014482,33.121403827955604],[-116.81455186915242,33.12290682592481],[-116.81002786853342,33.12166382869958],[-116.8080058705124,33.121758827260926],[-116.80732686941099,33.123066829264076],[-116.80767786838581,33.12517282991025],[-116.80679287024353,33.125874828734666],[-116.80580086899427,33.125378829048024],[-116.80388586816986,33.125046829443676],[-116.80229886743106,33.12357082788606],[-116.79976586688456,33.12347882862646],[-116.79617186854807,33.12417782782763],[-116.79447886766006,33.124928827339836],[-116.79300586811519,33.12384982989514],[-116.79152586433536,33.1219768265736],[-116.79003086428905,33.12338782955339],[-116.78822186557913,33.12335382740709],[-116.78732186441746,33.122735829666375],[-116.78581086699013,33.120530828612914],[-116.78647486638103,33.11898982824014],[-116.78588386401972,33.11543982885425],[-116.78362786519716,33.11007282772465],[-116.78191986117947,33.10694682800502],[-116.78080986147242,33.10569582690098],[-116.7803058632997,33.102883826753974],[-116.7795658609653,33.102296826015696],[-116.77752586431194,33.10178582732902],[-116.77437086191588,33.10236582571558],[-116.76899086009153,33.102433827496185],[-116.7671808601027,33.102703826885445],[-116.76523086070571,33.103480827876716],[-116.76416185812862,33.104220829233086],[-116.76355286033542,33.10640583033769],[-116.76132186136326,33.10815783278835],[-116.76029786132173,33.109678831528846],[-116.75737286110292,33.11053182967721],[-116.75504886042742,33.11171183035593],[-116.754537859245,33.11345183332664],[-116.75249985904192,33.114107829360016],[-116.74269685663863,33.11104883070923],[-116.74053685621028,33.110029830942395],[-116.73964485669508,33.109018829915094],[-116.73938585737515,33.108545830888914],[-116.73985085451429,33.10758382885637],[-116.7386608555739,33.10639482781319],[-116.73903485627326,33.10474982842216],[-116.73742485652633,33.104311829931405],[-116.73491485483108,33.10257982893629],[-116.7337398549384,33.10222182866913],[-116.73322785412387,33.10040182917803],[-116.73150385314469,33.097902828390545],[-116.73005385264844,33.09441682737023],[-116.7273838540931,33.094057829073165],[-116.72704784951243,33.092077827258045],[-116.72758885222191,33.09084082789122],[-116.72724685235663,33.08872183004655],[-116.7266598525466,33.08783982812664],[-116.72659885400972,33.08712782669152],[-116.7258008513618,33.086661829905914],[-116.72617584779118,33.08638182877571],[-116.7259118525524,33.08592582718865],[-116.72537285357812,33.08580982784142],[-116.72290785225961,33.08646282840803],[-116.72156285260212,33.08591482876921],[-116.72193185317363,33.08398982920482],[-116.71843584933218,33.08409682952278],[-116.7171028501657,33.08467582687384],[-116.7140758511036,33.083928827451416],[-116.71311884918923,33.082538829183065],[-116.71455884989236,33.08161882657095],[-116.71728685202461,33.07779882745337],[-116.71829385054967,33.07584482635582],[-116.71966285177137,33.07120382589828],[-116.72039888988682,33.06998610856201],[-116.72045685019698,33.067561824649644],[-116.71953684873222,33.065715824605775],[-116.71980584870815,33.06513682668894],[-116.71947884830224,33.063885824116795],[-116.7196698481327,33.06205682543508],[-116.71927085072966,33.05791082564601],[-116.7192608491709,33.05687082551876],[-116.7200778500693,33.05387882533541],[-116.72148684630888,33.05244682294001],[-116.72163484976787,33.05280682390358],[-116.72599884832158,33.052504823807254],[-116.7217198482094,33.051557823954575],[-116.7212398478051,33.04983682336168],[-116.72187584865405,33.04785982382219],[-116.72359984899595,33.04581782349745],[-116.72330584802928,33.04521882276428],[-116.72349284724906,33.044887821994436],[-116.72580484892092,33.04317882235044],[-116.7258198472684,33.04217982231156],[-116.72636885034018,33.04176782327516],[-116.726636846579,33.04098982066446],[-116.72664384919086,33.03865882202538],[-116.72773484837658,33.038212822263496],[-116.72799484843408,33.03640482018734],[-116.73013884909314,33.03260182087305],[-116.72969585011364,33.03174282082353],[-116.72985685065312,33.03007282076235],[-116.72949784659805,33.02920682053514],[-116.73007784726582,33.026642821300406],[-116.72997485046137,33.02588181979083],[-116.72927584910609,33.02532081934812],[-116.7277018450374,33.01945681963154],[-116.72591784832325,33.01694781839189],[-116.72588084641772,33.01558081879366],[-116.72646084798876,33.01290281878055],[-116.72458484467451,33.01212481901201],[-116.72590384755375,33.010167820616736],[-116.72561384728864,33.008100817429764],[-116.72715484818328,33.006749817186034],[-116.72735384586669,33.00382781789806],[-116.72985684689719,33.00205081576566],[-116.73018484611971,33.00045581645333],[-116.7316878449518,32.99843881679732],[-116.73258784788933,32.995809817593624],[-116.73516684854408,32.99362381816325],[-116.736058845851,32.99167081550454],[-116.73830984863575,32.99151881648998],[-116.7401108495126,32.99061781597352],[-116.74088084801359,32.98889781691303],[-116.74076684663395,32.987482813983846],[-116.73924084704409,32.98787881601342],[-116.73896884669755,32.988466815740864],[-116.73980684629281,32.988332816323336],[-116.7398088492779,32.98881181519206],[-116.73858984744582,32.98953981600061],[-116.73836984532541,32.99021881508548],[-116.73672384620917,32.99121181682196],[-116.73550684574224,32.99093181731663],[-116.73443584598377,32.99213981523433],[-116.73395084425431,32.992158817468265],[-116.73371384664456,32.99263681594845],[-116.73246684504743,32.99347181682101],[-116.72814684650861,32.99394981801441],[-116.72898384605553,32.9953918155664],[-116.72853484627038,32.995985817151414],[-116.72928084642116,32.99661681592734],[-116.72942484654926,32.99723981796159],[-116.7282138448268,32.99808381933384],[-116.72808084603322,32.99926381720538],[-116.72738484691469,32.99985281775091],[-116.72731684464631,33.00096781669955],[-116.72599584677552,33.001417818136225],[-116.72548884519409,33.00240481618402],[-116.72353783598489,33.00235880864451],[-116.72294684437013,33.00335281918567],[-116.72016584684343,33.00215181752811],[-116.71944084466743,33.00310681939239],[-116.71728084389514,33.00264480815154],[-116.71674684494327,33.00292781749526],[-116.71592784380879,33.00235081895535],[-116.71512284338932,33.00226981710887],[-116.71396784524914,33.00574681865195],[-116.7142098455933,33.00649782005787],[-116.71295784263918,33.00805082001009],[-116.71342084568158,33.009886820291875],[-116.71101784485906,33.01634081923982],[-116.7100398450762,33.01712582157242],[-116.7099698460498,33.019315819057006],[-116.70844684321179,33.02076182157265],[-116.70715684390206,33.02043482265316],[-116.70550184267866,33.02055382200485],[-116.70371484251636,33.02097882054558]]]}},{"type":"Feature","properties":{"name":"LAGUNA-PINE VALLEY"},"geometry":{"type":"Polygon","coordinates":[[[-116.65434581008249,32.728242788245296],[-116.65289381305197,32.7321857886325],[-116.65103281473898,32.73385078899711],[-116.65183181228046,32.735055789628596],[-116.65294481541822,32.735550790582806],[-116.65357581545717,32.73624978938154],[-116.6540108148822,32.738509788414255],[-116.65302181288963,32.738926788644676],[-116.6514988135551,32.73826679077904],[-116.65078281480949,32.738486789613994],[-116.65070481256765,32.739498789362415],[-116.651465815218,32.740328790919534],[-116.65147881190323,32.74082379081352],[-116.64983781327034,32.743094788650794],[-116.6509238151608,32.745426791284174],[-116.64940581516264,32.748422792872425],[-116.6504078151988,32.75046779155834],[-116.65042081499622,32.75133579200741],[-116.64978281485371,32.752309791072186],[-116.64802481325125,32.753655791272145],[-116.64761381427888,32.755569791883424],[-116.64812781473321,32.757076793304115],[-116.64799879146561,32.75793223230958],[-116.64665023796786,32.75906978632868],[-116.64350905492601,32.75980040988461],[-116.64319281329401,32.760549791768554],[-116.64134981343132,32.76257279283271],[-116.64171381460766,32.76346379309636],[-116.64282245567912,32.7638621335018],[-116.6432131327722,32.764440929237814],[-116.64205165579189,32.765362515773745],[-116.63962181475432,32.76850579553867],[-116.63979081352338,32.769467795076025],[-116.64110481666076,32.77103079375223],[-116.64116981311665,32.77196479261388],[-116.64061581488255,32.772410793671334],[-116.639287814086,32.772739793185245],[-116.63713461604623,32.77281161823267],[-116.63715281272106,32.77352479378494],[-116.63819981388484,32.77399879508859],[-116.63876581491732,32.77530179501268],[-116.63856381318404,32.77569279467104],[-116.63804981494677,32.77569279501394],[-116.6364818125333,32.77434979622332],[-116.63590281343396,32.774486795505496],[-116.63569981409763,32.77493279408157],[-116.63590081249811,32.77682979518519],[-116.63554281416188,32.77757179526066],[-116.63359681261947,32.77678479566189],[-116.63243781173719,32.77695479553901],[-116.63213281463273,32.77765779474841],[-116.63293181479318,32.77897879534783],[-116.63334681468997,32.78054579782241],[-116.63291681353843,32.781040797132086],[-116.63085381488109,32.7811497959605],[-116.63027381216867,32.78144079514648],[-116.63016281407027,32.78190279683407],[-116.63061781379648,32.78300279560171],[-116.63018781244213,32.7836787967477],[-116.62941281158722,32.78380479554599],[-116.6270768111884,32.78331479636552],[-116.62645781419327,32.78357779715645],[-116.62603481415967,32.784446796978514],[-116.6261898126253,32.78584879602147],[-116.62583281332468,32.78717479704819],[-116.62502581515814,32.787499796934085],[-116.62389881100026,32.786762796675305],[-116.62333880993691,32.78676879825549],[-116.62268881363298,32.787192797991175],[-116.62177781281738,32.78857279685585],[-116.61943481177624,32.788733798567534],[-116.61668964947096,32.79117837115164],[-116.6159598108305,32.79235879991605],[-116.6136150389301,32.79265973926182],[-116.61392981205593,32.79345979773864],[-116.61375381174852,32.79403679953031],[-116.61241380870096,32.794719797821564],[-116.61051381310823,32.79701379892219],[-116.6085938107823,32.798245798698886],[-116.60692680802387,32.79874680027427],[-116.60611981152951,32.798515800509264],[-116.60438081047194,32.797229798562356],[-116.60118980944215,32.797197800807076],[-116.60034381099476,32.79733579860313],[-116.59885980876777,32.79850679887676],[-116.59621680813227,32.798540800182565],[-116.5953768087443,32.798067798831106],[-116.59484880872532,32.798177799399625],[-116.59442580811682,32.798365799784776],[-116.59391880646197,32.799277800371435],[-116.58940580749893,32.798025801549535],[-116.58804580612802,32.798822800676305],[-116.5855778066529,32.79942880157879],[-116.58378387190209,32.79892502366101],[-116.58205580539001,32.80007780071733],[-116.57644297861205,32.80049609297174],[-116.57447780392398,32.80029280041474],[-116.57342280260676,32.80132680259962],[-116.57331180441575,32.801838800746545],[-116.57450380478302,32.80374680005572],[-116.57465380693395,32.80453780096842],[-116.57125480261475,32.80514380208702],[-116.57090103382471,32.80699847221865],[-116.56898280393402,32.80700780141779],[-116.56800580454117,32.80745280124977],[-116.56784280539986,32.80788180232399],[-116.5682598029837,32.81013080414064],[-116.5673808021166,32.81194580242296],[-116.56742680364015,32.81372680387416],[-116.56723080379125,32.81412280294347],[-116.5657528037359,32.81477180405561],[-116.56532280443658,32.81528880410827],[-116.56582897378163,32.81784813624734],[-116.56540201814644,32.81813402176032],[-116.56360279377148,32.81819209090877],[-116.5623482867073,32.81888181907798],[-116.56009780401736,32.82324780511431],[-116.55541080378941,32.8232388066416],[-116.5529688022321,32.82285580471737],[-116.54681080150752,32.82000380334164],[-116.54358080082699,32.81908180481301],[-116.54107780091498,32.81884280440308],[-116.53570579758993,32.819022806913615],[-116.52997779952298,32.81814680724382],[-116.52801279745549,32.81749780626426],[-116.52162179567112,32.81442080469424],[-116.51286579339556,32.81226180511508],[-116.51045679258031,32.81127180533506],[-116.50895379362838,32.81354380564239],[-116.50862479612941,32.81506280785954],[-116.50879479486467,32.81566780497707],[-116.50978079365203,32.81672580612205],[-116.51017179500663,32.81887380606721],[-116.50899379521084,32.82011080804037],[-116.50825579200554,32.82176880767621],[-116.50528879415722,32.82236580758088],[-116.50435479295044,32.82421080659428],[-116.50382179307525,32.824621809239865],[-116.50209179371747,32.824930806017655],[-116.49992779184771,32.82440080774341],[-116.49836279260325,32.82507080824169],[-116.49689979059916,32.82526280927139],[-116.49617979197275,32.825851809281495],[-116.49526079364632,32.82842780792579],[-116.49625879289968,32.831884808690845],[-116.49595179202659,32.83390880966536],[-116.49670279233885,32.836546809450056],[-116.49634179160509,32.83732881030319],[-116.49508679576367,32.838341809826446],[-116.49570179381053,32.842148809279166],[-116.49465179340038,32.843554811621374],[-116.49422179374821,32.84500581099432],[-116.49256279400889,32.8459668109505],[-116.4900227937541,32.846299810687015],[-116.48832079423123,32.84593680983805],[-116.48727679107834,32.84614680928579],[-116.4860407936443,32.84737681161531],[-116.48569179318437,32.84885581145368],[-116.48508279174771,32.84960581157576],[-116.48378479350771,32.8502718116249],[-116.48171879332352,32.85205981086525],[-116.47852079263201,32.85257881224952],[-116.47680979069771,32.85433181186028],[-116.47576078958441,32.85492681310881],[-116.47147279127935,32.85564381505567],[-116.4688377876201,32.855202813629205],[-116.4673247913402,32.85555781229003],[-116.46420579003143,32.85735881502655],[-116.46177679084808,32.86144481462662],[-116.46054178792147,32.862159815933325],[-116.45939978887789,32.86207681426434],[-116.45856578859744,32.86153881431767],[-116.45747978885274,32.85784881580213],[-116.45534778748858,32.856310815498645],[-116.45373678864489,32.85350881408035],[-116.45121978824373,32.851628813995255],[-116.44847178578841,32.8480618125203],[-116.44579778437357,32.84595681329967],[-116.44269578679254,32.84464581240657],[-116.44082978471643,32.84453281482705],[-116.43923278483123,32.845088812820606],[-116.43738578428993,32.8466618138121],[-116.43609778440755,32.84729581333309],[-116.4297157822306,32.84792081269314],[-116.4297317815856,32.84550781477403],[-116.43030578145694,32.84369281378235],[-116.43050878269133,32.84112881476503],[-116.43012878091236,32.84023281362221],[-116.42912278071078,32.83914381474702],[-116.42875678154314,32.83777781631212],[-116.42707378163347,32.83753781639219],[-116.42579678046333,32.835638814103376],[-116.42569078081141,32.83455281328943],[-116.42476978130355,32.834157816082325],[-116.42378560632972,32.83581998627393],[-116.4222697806287,32.835388812465304],[-116.42175278105313,32.83553281353436],[-116.4215777813907,32.83788481311103],[-116.42072478189917,32.83857981408255],[-116.42073678086999,32.83957481371714],[-116.41921878127704,32.84112681399393],[-116.41827878029939,32.84084881295769],[-116.41814178060082,32.84109881381839],[-116.4194207813611,32.84508881392678],[-116.41941778275755,32.85058781541113],[-116.4208487834234,32.85243281578935],[-116.42075478068006,32.85331381605408],[-116.42111578233983,32.853918814047034],[-116.42039078239658,32.8544248189662],[-116.42029178155433,32.854886815519734],[-116.4215657809942,32.856453817672765],[-116.42231178275696,32.856505816352964],[-116.42170578181309,32.857090818618865],[-116.42126878306699,32.8583198186394],[-116.42067478179034,32.85872881607619],[-116.41963278270029,32.85889981728052],[-116.41695178123219,32.85839681578811],[-116.41473878061628,32.85861682080388],[-116.41373277897988,32.85917081790847],[-116.41324278205538,32.860066817057785],[-116.41277178327904,32.8629398201748],[-116.41289578037892,32.863983818188586],[-116.41411778215081,32.86483181613404],[-116.41335678058564,32.86650481719205],[-116.41332978032965,32.86732881710274],[-116.41401478386094,32.86920981754164],[-116.41461578125325,32.86957081683338],[-116.4158177805253,32.86961981872598],[-116.41568278011549,32.870344817500175],[-116.41598578347559,32.87109281802676],[-116.41428478259138,32.871612817813784],[-116.41267977956227,32.87153381710485],[-116.41236278040533,32.872229819560474],[-116.41315436403399,32.87250650153482],[-116.41113423722695,32.87326451572236],[-116.41632466544982,32.8830090102638],[-116.41796091074738,32.882368935080656],[-116.4179597833862,32.88327282091885],[-116.41924678428255,32.88793282017321],[-116.41990078214846,32.88844181923559],[-116.42084678505088,32.89029482043684],[-116.42266378458504,32.89198781860392],[-116.42448478591511,32.892822818545355],[-116.42538078616911,32.8918148199986],[-116.42763478591701,32.891837820700324],[-116.4273907871486,32.890577819660244],[-116.4266297855145,32.88988981973409],[-116.42662978491826,32.88933982084156],[-116.42725478521268,32.88826382030113],[-116.4280427831554,32.88551381953002],[-116.42839578610798,32.88530781712245],[-116.42953078385199,32.885802818141464],[-116.43012878445735,32.88529781894998],[-116.43051578698177,32.88424481867279],[-116.43747478737315,32.88840381861916],[-116.44324578763393,32.890235820417594],[-116.44810478893358,32.8933678194027],[-116.44861578956031,32.89425781773105],[-116.44898878899826,32.896239820356996],[-116.44987979110843,32.897411820708236],[-116.45233578903763,32.8979568197407],[-116.45317779145627,32.89849181901078],[-116.45550178998114,32.90294082045335],[-116.45880179149813,32.90749081992667],[-116.46023279208316,32.91039082052953],[-116.46127579392261,32.911546820642435],[-116.4655287934678,32.91415482210352],[-116.47732579641894,32.92443482072501],[-116.47858379715906,32.924705823020965],[-116.480879798195,32.92393782212279],[-116.48240480372344,32.924085489474336],[-116.482202797892,32.92561382110182],[-116.48096879739911,32.9270958214204],[-116.48078879689933,32.928811821743295],[-116.48114479841314,32.92998182134761],[-116.48103379606603,32.931594821971466],[-116.48242480048617,32.934313822447834],[-116.48335980078154,32.934984821134755],[-116.4869718002901,32.935962823617665],[-116.49055679975031,32.94164282200213],[-116.49376080011538,32.944561823547865],[-116.4952488003289,32.94502082343299],[-116.49852280210843,32.94467182425542],[-116.49950080240087,32.94485382204265],[-116.50036080129854,32.945488823072786],[-116.50145580404016,32.94762582186277],[-116.5037908043452,32.94826282294872],[-116.50455680325759,32.94878582249064],[-116.50542080170968,32.95151982354576],[-116.50773480529192,32.95396382269462],[-116.50873580396093,32.958198824676536],[-116.51003480543696,32.96003082368194],[-116.51319280593388,32.96687182481917],[-116.51376380434372,32.970362824067124],[-116.51770880503169,32.97487982603221],[-116.51846580598588,32.97534382317061],[-116.52023280927948,32.975635826225705],[-116.52161080886364,32.97671082513344],[-116.52396680847963,32.97768482560404],[-116.52579180804982,32.97912182386152],[-116.5307588102517,32.981059823776945],[-116.53296681155888,32.98450082681251],[-116.53309681145457,32.98901082481166],[-116.53367081186497,32.99046682647299],[-116.53459981151958,32.99166582739912],[-116.53826781251067,32.993898824971936],[-116.54282681526865,32.99432382694972],[-116.54522481411153,32.99542182715913],[-116.555085815208,33.00408382548891],[-116.55972481876597,33.0102758267033],[-116.56121181951391,33.01092082725633],[-116.56358981772404,33.008071827116105],[-116.56445981765839,33.00249082581833],[-116.56565481806643,33.00142082531726],[-116.5667708176805,32.99895782554855],[-116.5716188168061,32.99409882393396],[-116.57233581905209,32.99298582546404],[-116.57655581775778,32.99072582472904],[-116.57835682030957,32.991169824582556],[-116.57966881687298,32.9906248237292],[-116.58105681996942,32.9911098230802],[-116.58570481865756,32.99170282405635],[-116.58622081968608,32.992502824270986],[-116.58578482085525,32.99376182533057],[-116.58641382158306,32.99446482313582],[-116.58887582337897,32.994427822380395],[-116.58932182227191,32.99476482536375],[-116.5894518205962,32.995519823613925],[-116.59045682190474,32.996310822776934],[-116.59279382292988,32.99666882335247],[-116.59339982403218,32.99708982404062],[-116.59534282240999,32.99753382326066],[-116.59610382370693,32.99894382267364],[-116.59775382486967,33.00000682278178],[-116.59856282461901,33.00119582455234],[-116.600549822924,33.00217282292785],[-116.60144382434133,33.002241825786385],[-116.60309782317219,33.00335182352626],[-116.60265882506654,33.004188824041],[-116.60383582477282,33.00526582275114],[-116.60412682647204,33.00732582457542],[-116.60362182333908,33.007741825703675],[-116.60354082450587,33.00851782600131],[-116.60406082423113,33.01020782419018],[-116.6052558355215,33.01058881090742],[-116.60707282516648,33.012314825924626],[-116.60943982533892,33.01156582529754],[-116.61120382870688,33.01025982548732],[-116.6129318260584,33.00948482362241],[-116.61401082772076,33.00823482579284],[-116.6142508262704,33.00834282509524],[-116.61349682459206,33.010037824469066],[-116.61283382754351,33.01038782427568],[-116.61179282517159,33.011851825597866],[-116.6125988282963,33.012099824785615],[-116.61312982800276,33.01149682554158],[-116.61492382605242,33.01081082373054],[-116.61517382811832,33.010214824074595],[-116.61821782719974,33.009660824086744],[-116.62031982709857,33.00726582327868],[-116.62051582691775,33.00541282372602],[-116.62115683016536,33.00481382361219],[-116.62109382957368,33.00656482361019],[-116.62238882906674,33.009084822562016],[-116.62218182780686,33.0096018252816],[-116.62133982676463,33.0097958232115],[-116.62159882944572,33.012162825337356],[-116.62275182932697,33.0122708283066],[-116.62437782770921,33.01130182323791],[-116.62560282802534,33.01143982756862],[-116.62856782861292,33.014811827097304],[-116.62973083027407,33.01510782458731],[-116.6302018293035,33.01612882360509],[-116.63112382877767,33.01624182537191],[-116.63120583094391,33.017460822789964],[-116.63240583008763,33.016841823316874],[-116.63396983052124,33.01715082499674],[-116.63492183280576,33.01675982504882],[-116.63539683104976,33.01807482588333],[-116.63577583077084,33.02256982482102],[-116.6364048305813,33.02352382531971],[-116.63586283267377,33.024142827076695],[-116.6357578296845,33.025219824761095],[-116.63474583133652,33.025832825250234],[-116.63657183164996,33.025955824639375],[-116.63734283131417,33.02508982528222],[-116.63769083301165,33.02614582681532],[-116.63954683330141,33.027211824529424],[-116.63905383179822,33.028774824966064],[-116.6380208313556,33.03025082480207],[-116.63722683231828,33.030370825407815],[-116.63527883344408,33.02938482645327],[-116.63406683177524,33.03085182439142],[-116.63550383153999,33.03124182666375],[-116.63561283350735,33.031581824781846],[-116.63483383103731,33.03246182565647],[-116.63481683248126,33.033841827402334],[-116.63381383396948,33.0345128265157],[-116.63350083207412,33.035170826067755],[-116.63433283153948,33.0353328262687],[-116.63492583233928,33.0366118269191],[-116.6362248335055,33.03792682796326],[-116.63554983320722,33.03937382895481],[-116.63559783296174,33.040527826072726],[-116.63619383124728,33.04138182520887],[-116.6370638345578,33.04158582746059],[-116.63680783135233,33.04270482844036],[-116.63590283193243,33.044126829400824],[-116.63536183359354,33.044456827793084],[-116.6355628337785,33.04665382864039],[-116.63628883140473,33.047507829043546],[-116.63613383411337,33.048389828642925],[-116.6375718337256,33.047800828567595],[-116.63813683443249,33.04715282864757],[-116.63887983486823,33.04703082785885],[-116.63940783497304,33.04536682659636],[-116.63944883135343,33.04402682767121],[-116.64017783402696,33.043482825757856],[-116.64150383339118,33.04378382924075],[-116.64322383301202,33.043282825346786],[-116.64451983424306,33.042378826013795],[-116.64519882326763,33.04332383671787],[-116.64585183507864,33.04363382626829],[-116.64640683545579,33.0434588296255],[-116.64776183653295,33.041236824674556],[-116.6477258340445,33.04032782767518],[-116.64819383603887,33.039780826713006],[-116.64804683360015,33.03925282723028],[-116.64847783578496,33.03824982644713],[-116.64803883532689,33.03673082613756],[-116.64726283377917,33.03592482465836],[-116.64630783248477,33.035780826885],[-116.64644183469522,33.03513782725542],[-116.64717983438517,33.03451082400128],[-116.6482788332609,33.033898825271514],[-116.64894383342215,33.03453582703064],[-116.64998483594493,33.0345078257414],[-116.65043483234989,33.034001825766424],[-116.65036183408458,33.03297882474826],[-116.6511598341046,33.032714823682596],[-116.65169683696814,33.032114824095096],[-116.6527418335535,33.03313382440844],[-116.6541698367544,33.033444825322576],[-116.65559383536477,33.03262982609727],[-116.65589883501838,33.03199082364919],[-116.65679083416417,33.03165282490971],[-116.65719283599103,33.03109582311444],[-116.65820783546508,33.03122482467519],[-116.6619288344887,33.02967382365038],[-116.66443583560022,33.027790824930655],[-116.6653758362134,33.02667882412317],[-116.66706583939379,33.026996824436225],[-116.66808583795743,33.02627882279619],[-116.67078383780816,33.0262548222663],[-116.67302183775905,33.02538282311057],[-116.67472583828709,33.0240608225438],[-116.67685683953067,33.02129282355733],[-116.68072284068779,33.02155982320239],[-116.68315383926199,33.02125282292596],[-116.68471284002067,33.02036282343421],[-116.68644084057115,33.02044482249456],[-116.68702183906039,33.02071982119927],[-116.68726084100952,33.02162482299086],[-116.68804484038561,33.02224082384608],[-116.6899188421189,33.02319382261714],[-116.69096184108102,33.02303682087905],[-116.6906748421511,33.024238821306895],[-116.69231184071398,33.025330821004566],[-116.69374084260143,33.02563182178802],[-116.69493684115963,33.02693382385339],[-116.6959698421673,33.02670582177994],[-116.69756384273848,33.02554682100504],[-116.6992538447788,33.02520882112117],[-116.70047584371726,33.02541082182095],[-116.70238584539001,33.02430482049637],[-116.70387584278762,33.02407682066192],[-116.70478884135214,33.022974821571204],[-116.70520384588768,33.021913821678545],[-116.70371484251636,33.02097882054558],[-116.7070428430494,33.02043882226752],[-116.70835684288585,33.02078882278386],[-116.7099698460498,33.019315819057006],[-116.7100398450762,33.01712582157242],[-116.71101784485906,33.01634081923982],[-116.71342084568158,33.009886820291875],[-116.71295784263918,33.00805082001009],[-116.7142098455933,33.00649782005787],[-116.71396784524914,33.00574681865195],[-116.71512284338932,33.00226981710887],[-116.71592784380879,33.00235081895535],[-116.71674684494327,33.00292781749526],[-116.71728084389514,33.00264480815154],[-116.71944084466743,33.00310681939239],[-116.72016584684343,33.00215181752811],[-116.72294684437013,33.00335281918567],[-116.72353783598489,33.00235880864451],[-116.72548884519409,33.00240481618402],[-116.72599584677552,33.001417818136225],[-116.72731684464631,33.00096781669955],[-116.72738484691469,32.99985281775091],[-116.72808084603322,32.99926381720538],[-116.7282138448268,32.99808381933384],[-116.72942484654926,32.99723981796159],[-116.72928084642116,32.99661681592734],[-116.72853484627038,32.995985817151414],[-116.72898384605553,32.9953918155664],[-116.72814684650861,32.99394981801441],[-116.73235084823662,32.99352381668834],[-116.7336118487906,32.99272581573385],[-116.73395084425431,32.992158817468265],[-116.73443584598377,32.99213981523433],[-116.73550684574224,32.99093181731663],[-116.73701184528994,32.99111481507598],[-116.7374728458583,32.9905318146893],[-116.73844484575353,32.99016081601477],[-116.73858984744582,32.98953981600061],[-116.73974384895293,32.98893581521356],[-116.7398278490423,32.98835381625894],[-116.73899284794354,32.98848581749223],[-116.73908784897421,32.988065813645164],[-116.74076684663395,32.987482813983846],[-116.74128484604996,32.98508281383399],[-116.74371184747699,32.981722815397],[-116.74307084761988,32.980165813515676],[-116.74078684771379,32.97767981209737],[-116.7539558491544,32.97763581389126],[-116.76306785229848,32.9784418133115],[-116.77114185303522,32.97815581126688],[-116.77051284943242,32.963260810959596],[-116.77304385082843,32.94965680791764],[-116.78929385286717,32.949251807735976],[-116.79002185331547,32.93239680587571],[-116.79029185013907,32.909488803926706],[-116.79013184923527,32.89468380140399],[-116.78944084673213,32.87618879782142],[-116.78880884811252,32.876592798667296],[-116.78906084834486,32.87712680076851],[-116.78836684586851,32.87718079855801],[-116.78851984716827,32.878694797963945],[-116.78793184983807,32.87909180075258],[-116.78839684684385,32.87985479976187],[-116.78775484719431,32.880922800452126],[-116.77277184622517,32.881777802372085],[-116.77252484555952,32.874020800059974],[-116.7552458435593,32.87405080405831],[-116.7552578441909,32.88819180096016],[-116.72791883915882,32.888364804436044],[-116.71956183591524,32.88909680446407],[-116.71929783489821,32.874254803349366],[-116.69810083205154,32.873853805034884],[-116.69598583197582,32.8695058040081],[-116.69568383052203,32.8664568030247],[-116.694654830632,32.864235802512134],[-116.69486482934413,32.863552802307176],[-116.69836183147419,32.86350380117566],[-116.69872082916798,32.86646780320647],[-116.70285683349405,32.866466802770205],[-116.70251083196976,32.856516800451125],[-116.70664983021723,32.85648080354675],[-116.70681883056629,32.849131799584235],[-116.71107383204415,32.84909680098535],[-116.7108688321937,32.83820579803946],[-116.70139583005484,32.838331800532494],[-116.70155583103009,32.84200580018915],[-116.6937968301712,32.84207379973455],[-116.69366682637877,32.843535800797326],[-116.68742582796831,32.843511801881085],[-116.68750282622652,32.842414800906475],[-116.68378982722679,32.84180080096928],[-116.68187982480879,32.84063980096488],[-116.68123682638387,32.839784800598785],[-116.68109080805655,32.83836380193559],[-116.67658282368821,32.837856800466255],[-116.67661782521435,32.83586580080865],[-116.6755078246018,32.83500780084171],[-116.6739838239509,32.833050799278666],[-116.67372382566768,32.83146080172019],[-116.67406282247264,32.83121980000556],[-116.67379582234629,32.830366799668916],[-116.67137982402508,32.82744079974079],[-116.67182882341598,32.826968801040756],[-116.67350982603074,32.827204799102454],[-116.6750078249041,32.82648479835486],[-116.67626482358571,32.82651779791701],[-116.67728082464018,32.825099799130136],[-116.67771082371686,32.82367479974232],[-116.68092182627223,32.82324679712067],[-116.6824388242301,32.82175679735977],[-116.68460082623855,32.82102479821922],[-116.68580582477472,32.8212177998745],[-116.68816382699119,32.82093179939556],[-116.68872982445842,32.82070679830632],[-116.68909482629192,32.81977679884957],[-116.68988282531377,32.820381797021035],[-116.69173882732458,32.82047579636337],[-116.69478682768609,32.822097799295534],[-116.69705982610337,32.82160779723057],[-116.70102582861317,32.82154179840184],[-116.70199582863313,32.821948796668345],[-116.7038458286775,32.82192579620354],[-116.70673682859292,32.81961679647326],[-116.71050083023297,32.818141797672205],[-116.71313683074574,32.81530979729939],[-116.71393783093781,32.813027797281855],[-116.71671182986711,32.81236179539562],[-116.71741383051628,32.811074793940755],[-116.71822182983797,32.811481795486706],[-116.72204483027915,32.81180479681294],[-116.72130883034993,32.811887796057015],[-116.72195982845264,32.81218479572143],[-116.72192082570838,32.81273979529458],[-116.72270183214728,32.81233279511348],[-116.72423883264281,32.812876795709194],[-116.72604282875295,32.81247479477335],[-116.7274828284598,32.81259079593788],[-116.72959783415222,32.811458794258925],[-116.73128483232605,32.81118579568891],[-116.73175883338048,32.81021279312544],[-116.7330808335072,32.81019579290832],[-116.73705483101575,32.81246579344817],[-116.7386238339067,32.81247079436684],[-116.73876783519285,32.81292679669116],[-116.73820083453006,32.81378979339336],[-116.73851383401987,32.81452679601809],[-116.74111883514489,32.814184793683516],[-116.74306483606624,32.81304579555344],[-116.74334483455706,32.81251779492085],[-116.74313583321273,32.81110979341829],[-116.74340183433705,32.80985079324759],[-116.74255483375896,32.80861979468816],[-116.74303583470824,32.80784979411683],[-116.74291683247183,32.8063587934366],[-116.74579583556904,32.806060792436696],[-116.74641383448504,32.80485079407236],[-116.7461128360081,32.80234879267066],[-116.74633283705485,32.80149079177721],[-116.74689983691931,32.800951792554734],[-116.74857883543231,32.800274795838654],[-116.75116183348119,32.797652793217416],[-116.75138183690505,32.79661179213835],[-116.7501928362685,32.79420079250318],[-116.75021983527212,32.79301679065438],[-116.74775983491662,32.79345379078932],[-116.74513383277204,32.79561079232273],[-116.74257483279689,32.79550479246422],[-116.73938783217817,32.794147792101285],[-116.73605482870829,32.79382479339318],[-116.73555983211575,32.79330179067372],[-116.7343038337934,32.79475479122059],[-116.73182982907248,32.79561279337269],[-116.73059983268277,32.795184793167834],[-116.72918683020744,32.79522879283899],[-116.7258328273465,32.7938717912295],[-116.72236982945184,32.79384479319825],[-116.71956983059981,32.79240479417338],[-116.71872282717757,32.791200793361554],[-116.71781783109434,32.791283790883526],[-116.71487482831165,32.79011879136777],[-116.71368382749064,32.79022879118246],[-116.71054582959096,32.7895257936717],[-116.70904182672838,32.78878879188091],[-116.70843582701934,32.78724379169109],[-116.70870282705853,32.786611793176206],[-116.70836382680488,32.7861387931395],[-116.70830482621959,32.78517079182425],[-116.70889082759507,32.78377379247891],[-116.70999682553638,32.782789794300946],[-116.70977482934197,32.781386792429416],[-116.70881782762122,32.78008979195214],[-116.70900682678143,32.778736791415554],[-116.70959882600593,32.77818679132275],[-116.70963782886278,32.77751079148107],[-116.70825882711414,32.776440789719956],[-116.70829882599347,32.77591979025668],[-116.71152395168822,32.7763939016013],[-116.70858882812279,32.7747717919484],[-116.70524283434546,32.77124878282837],[-116.70432482577027,32.77093079008776],[-116.70099682437866,32.7708837902188],[-116.69899882625424,32.77034579091269],[-116.69636182437411,32.768986791751864],[-116.69392082196819,32.76678979158788],[-116.68868982207735,32.76476879195743],[-116.68378082055006,32.76434279216758],[-116.67990082234564,32.764724791646586],[-116.67657181793861,32.764161791155566],[-116.67522879842947,32.764492801036944],[-116.67421382056213,32.76227778960921],[-116.67401681833522,32.759496790109374],[-116.67559881831063,32.7578577928482],[-116.67577782064521,32.75576379088579],[-116.674627820683,32.75393079065925],[-116.67341981890006,32.75348478993768],[-116.67245681910003,32.752616789687075],[-116.6711088190195,32.75229079107666],[-116.67098181775692,32.75057979159522],[-116.66952281697617,32.74960978954405],[-116.66846381867096,32.74930379071621],[-116.66817881686295,32.74862478929014],[-116.66846681657259,32.74790178837493],[-116.66941781819915,32.7471727886469],[-116.66879781700464,32.746492788378745],[-116.66911081641277,32.745705788989675],[-116.67016381621826,32.74514978898651],[-116.67028581944315,32.74460078831793],[-116.66993181689654,32.7439347895178],[-116.67099081716373,32.744203790060766],[-116.67203881986937,32.74403779068593],[-116.67289881812263,32.743349789467956],[-116.67386083153114,32.74321877461414],[-116.67721081741375,32.73793079020462],[-116.6787668185671,32.73462178820968],[-116.67925282001283,32.7330647891957],[-116.67893481735578,32.73229878838904],[-116.68228181767252,32.72865078565017],[-116.68242281828263,32.72747578717732],[-116.68137481800122,32.72436878709827],[-116.68076581676883,32.72406078694489],[-116.67922981659838,32.7241117883792],[-116.67859281362293,32.72356278833159],[-116.67761981516091,32.72155778602154],[-116.67858081596131,32.719950786109905],[-116.67827881672879,32.71943478633905],[-116.67952381709372,32.71851978668342],[-116.67692281701494,32.71766178554773],[-116.6761488168069,32.716545786362985],[-116.67391081461965,32.715507786112745],[-116.67299281142773,32.714645786114176],[-116.67348781647998,32.714686784013594],[-116.67209281414566,32.711477786691944],[-116.67243581469133,32.7090457864115],[-116.66869181032534,32.70898078431288],[-116.66696281518608,32.709440784221464],[-116.66611581527496,32.710526785109295],[-116.66615781474586,32.711325785878344],[-116.66643157170476,32.71144510306654],[-116.6661525862464,32.713619309410554],[-116.66495381264059,32.71632378695154],[-116.66521381441112,32.71740678467595],[-116.66467381210406,32.718611786037194],[-116.66482281372387,32.720117788027466],[-116.66412581387178,32.72149278817409],[-116.66417780974716,32.72268578635645],[-116.66349481502772,32.723219787666736],[-116.66272080988317,32.72213578678302],[-116.66102980966349,32.721931788802635],[-116.65950781279432,32.72087578604667],[-116.6588568148859,32.720996788541584],[-116.6579268091659,32.72216178834038],[-116.65798380989754,32.72410878674894],[-116.65771781338762,32.72475778769713],[-116.65561581370628,32.726758789007604],[-116.65483380935994,32.72805578978422],[-116.65434581008249,32.728242788245296]]]}},{"type":"Feature","properties":{"name":"MOUNTAIN EMPIRE"},"geometry":{"type":"Polygon","coordinates":[[[-116.75920318555525,32.56711459730727],[-116.4331944238316,32.59376946275936],[-116.10697360162138,32.61947068488781],[-116.1068228812607,32.64277458409459],[-116.10841370975228,32.640012804933164],[-116.10944571173664,32.63883380579086],[-116.11113571208587,32.63770680357216],[-116.11339471270875,32.63699880580394],[-116.1478397175506,32.63386780203172],[-116.16347172163688,32.63568380383214],[-116.16591871920498,32.63623580143562],[-116.16578472054988,32.636556803045686],[-116.16889272212742,32.637960800595046],[-116.17595072410197,32.642728800922164],[-116.195024727612,32.64997480364367],[-116.19709872718192,32.651360802137226],[-116.20456872740748,32.658362801477665],[-116.20829039680198,32.66059079507865],[-116.20816506425437,32.682724419800444],[-116.20914615993516,32.6975524087742],[-116.20772845633608,32.712178963054285],[-116.20879778082353,32.726613974756184],[-116.22281186343163,32.726345831153814],[-116.22271954998989,32.740972789829975],[-116.22047875506351,32.79962064714054],[-116.21964384747582,32.81437392581694],[-116.21987285627722,32.82995473428339],[-116.25591898883177,32.82919978140843],[-116.30995681189836,32.82948762216005],[-116.30975852861015,32.815044815244896],[-116.32633835313524,32.81499720320425],[-116.32644212821337,32.82955822573016],[-116.33479202723571,32.829583005370466],[-116.33486498268077,32.851232206853574],[-116.32649034988742,32.85133936795836],[-116.32650024109044,32.85500574655911],[-116.32222778139284,32.854928611870136],[-116.32223403504426,32.85858124883035],[-116.31816023641142,32.85850385926048],[-116.31817368056714,32.87195668685317],[-116.32278976617245,32.86710282206155],[-116.32562707209716,32.86677938584407],[-116.33283976739534,32.867071821639136],[-116.33465315143373,32.86739766778577],[-116.3396928462401,32.86717875531686],[-116.34001061571249,32.86599406114634],[-116.34180443411212,32.862768406814986],[-116.34320576853729,32.86143282004547],[-116.34592877047193,32.86109682046059],[-116.34696476948751,32.8604368214406],[-116.3489647709969,32.859863820515194],[-116.34960976810426,32.86011081923239],[-116.3511277678527,32.859106818945854],[-116.35242376913985,32.85913181961113],[-116.35645577077744,32.857540817718906],[-116.35728276915248,32.85763982055379],[-116.35872277118067,32.85696882024632],[-116.35967977178876,32.85593982019711],[-116.36010001305745,32.85594876418051],[-116.36019359848166,32.858476267563766],[-116.37738409219598,32.85850920904133],[-116.37761606018678,32.86577302735022],[-116.41259886941177,32.86568246939624],[-116.41289778183564,32.86149181976456],[-116.41373277897988,32.85917081790847],[-116.41473878061628,32.85861682080388],[-116.41695178123219,32.85839681578811],[-116.41963278270029,32.85889981728052],[-116.42067478179034,32.85872881607619],[-116.42126878306699,32.8583198186394],[-116.42170578181309,32.857090818618865],[-116.42231178275696,32.856505816352964],[-116.4215657809942,32.856453817672765],[-116.42029178155433,32.854886815519734],[-116.42039078239658,32.8544248189662],[-116.42111578233983,32.853918814047034],[-116.42075478068006,32.85331381605408],[-116.4208487834234,32.85243281578935],[-116.41941778275755,32.85058781541113],[-116.4194207813611,32.84508881392678],[-116.41814178060082,32.84109881381839],[-116.41827878029939,32.84084881295769],[-116.41921878127704,32.84112681399393],[-116.42073678086999,32.83957481371714],[-116.42072478189917,32.83857981408255],[-116.4215777813907,32.83788481311103],[-116.42175278105313,32.83553281353436],[-116.4222697806287,32.835388812465304],[-116.42378560632972,32.83581998627393],[-116.42492477969701,32.83411781462557],[-116.4257137815003,32.83458881117719],[-116.42579678046333,32.835638814103376],[-116.42707378163347,32.83753781639219],[-116.42875678154314,32.83777781631212],[-116.42912278071078,32.83914381474702],[-116.43012878091236,32.84023281362221],[-116.43050878269133,32.84112881476503],[-116.43030578145694,32.84369281378235],[-116.4297317815856,32.84550781477403],[-116.4297157822306,32.84792081269314],[-116.43609778440755,32.84729581333309],[-116.43738578428993,32.8466618138121],[-116.43923278483123,32.845088812820606],[-116.44082978471643,32.84453281482705],[-116.44269578679254,32.84464581240657],[-116.44579778437357,32.84595681329967],[-116.44847178578841,32.8480618125203],[-116.45121978824373,32.851628813995255],[-116.45373678864489,32.85350881408035],[-116.45534778748858,32.856310815498645],[-116.45747978885274,32.85784881580213],[-116.45856578859744,32.86153881431767],[-116.45939978887789,32.86207681426434],[-116.46050278803561,32.8621668139318],[-116.46177679084808,32.86144481462662],[-116.46420579003143,32.85735881502655],[-116.4673247913402,32.85555781229003],[-116.4688377876201,32.855202813629205],[-116.47147279127935,32.85564381505567],[-116.47576078958441,32.85492681310881],[-116.47680979069771,32.85433181186028],[-116.47852079263201,32.85257881224952],[-116.48171879332352,32.85205981086525],[-116.48378479350771,32.8502718116249],[-116.48508279174771,32.84960581157576],[-116.48569179318437,32.84885581145368],[-116.4860407936443,32.84737681161531],[-116.48727679107834,32.84614680928579],[-116.48832079423123,32.84593680983805],[-116.4900227937541,32.846299810687015],[-116.49256279400889,32.8459668109505],[-116.49422179374821,32.84500581099432],[-116.49465179340038,32.843554811621374],[-116.49570179381053,32.842148809279166],[-116.49508679576367,32.838341809826446],[-116.49634179160509,32.83732881030319],[-116.49670279233885,32.836546809450056],[-116.49595179202659,32.83390880966536],[-116.49625879289968,32.831884808690845],[-116.49526079364632,32.82842780792579],[-116.49617979197275,32.825851809281495],[-116.49689979059916,32.82526280927139],[-116.49836279260325,32.82507080824169],[-116.49992779184771,32.82440080774341],[-116.50209179371747,32.824930806017655],[-116.50382179307525,32.824621809239865],[-116.50435479295044,32.82421080659428],[-116.50528879415722,32.82236580758088],[-116.50825579200554,32.82176880767621],[-116.50899379521084,32.82011080804037],[-116.51017179500663,32.81887380606721],[-116.50978079365203,32.81672580612205],[-116.50879479486467,32.81566780497707],[-116.50862479612941,32.81506280785954],[-116.50895379362838,32.81354380564239],[-116.51045679258031,32.81127180533506],[-116.51286579339556,32.81226180511508],[-116.52162179567112,32.81442080469424],[-116.52801279745549,32.81749780626426],[-116.52997779952298,32.81814680724382],[-116.53570579758993,32.819022806913615],[-116.54107780091498,32.81884280440308],[-116.54358080082699,32.81908180481301],[-116.54681080150752,32.82000380334164],[-116.5529688022321,32.82285580471737],[-116.55541080378941,32.8232388066416],[-116.56009780401736,32.82324780511431],[-116.5623482867073,32.81888181907798],[-116.56360279377148,32.81819209090877],[-116.56540201814644,32.81813402176032],[-116.56582897378163,32.81784813624734],[-116.56532280443658,32.81528880410827],[-116.5657528037359,32.81477180405561],[-116.56723080379125,32.81412280294347],[-116.56742680364015,32.81372680387416],[-116.5673808021166,32.81194580242296],[-116.5682598029837,32.81013080414064],[-116.56784280539986,32.80788180232399],[-116.56800580454117,32.80745280124977],[-116.56898280393402,32.80700780141779],[-116.57090103382471,32.80699847221865],[-116.57125480261475,32.80514380208702],[-116.57465380693395,32.80453780096842],[-116.57450380478302,32.80374680005572],[-116.57331180441575,32.801838800746545],[-116.57342280260676,32.80132680259962],[-116.57447780392398,32.80029280041474],[-116.57644297861205,32.80049609297174],[-116.58205580539001,32.80007780071733],[-116.58378387190209,32.79892502366101],[-116.5855778066529,32.79942880157879],[-116.58804580612802,32.798822800676305],[-116.58940580749893,32.798025801549535],[-116.59391880646197,32.799277800371435],[-116.59442580811682,32.798365799784776],[-116.59484880872532,32.798177799399625],[-116.5953768087443,32.798067798831106],[-116.59621680813227,32.798540800182565],[-116.59885980876777,32.79850679887676],[-116.60034381099476,32.79733579860313],[-116.60118980944215,32.797197800807076],[-116.60438081047194,32.797229798562356],[-116.60611981152951,32.798515800509264],[-116.60765580965491,32.798735799300076],[-116.61051381310823,32.79701379892219],[-116.61241380870096,32.794719797821564],[-116.61365681114602,32.79413579725854],[-116.6139428099816,32.793679798772295],[-116.6136150389301,32.79265973926182],[-116.6159598108305,32.79235879991605],[-116.61668964947096,32.79117837115164],[-116.61943481177624,32.788733798567534],[-116.62177781281738,32.78857279685585],[-116.62268881363298,32.787192797991175],[-116.62333880993691,32.78676879825549],[-116.62389881100026,32.786762796675305],[-116.62502581515814,32.787499796934085],[-116.62583281332468,32.78717479704819],[-116.6261898126253,32.78584879602147],[-116.62603481415967,32.784446796978514],[-116.62645781419327,32.78357779715645],[-116.6270768111884,32.78331479636552],[-116.62941281158722,32.78380479554599],[-116.63018781244213,32.7836787967477],[-116.63061781379648,32.78300279560171],[-116.63016281407027,32.78190279683407],[-116.63027381216867,32.78144079514648],[-116.63085381488109,32.7811497959605],[-116.63291681353843,32.781040797132086],[-116.63334681468997,32.78054579782241],[-116.63293181479318,32.77897879534783],[-116.63213281463273,32.77765779474841],[-116.63243781173719,32.77695479553901],[-116.63359681261947,32.77678479566189],[-116.63520381512068,32.777571795220396],[-116.63569281617838,32.777478795022205],[-116.63590781488813,32.77657679697984],[-116.63571981420387,32.77473479470386],[-116.63622781420713,32.77430579419414],[-116.63786781498007,32.77560979612402],[-116.63856381318404,32.77569279467104],[-116.6387858134651,32.77513679576892],[-116.63854481419982,32.77450479474265],[-116.6381028135071,32.773921794669064],[-116.63721081511947,32.773601795611214],[-116.63712081377909,32.77283779439208],[-116.639287814086,32.772739793185245],[-116.64110481254382,32.772058795003744],[-116.64110481666076,32.77103079375223],[-116.63979081352338,32.769467795076025],[-116.63962181475432,32.76850579553867],[-116.64205165579189,32.765362515773745],[-116.64317652035132,32.764633758020075],[-116.64291768991943,32.76393693683031],[-116.64171381460766,32.76346379309636],[-116.64134981343132,32.76257279283271],[-116.64319281329401,32.760549791768554],[-116.64350905492601,32.75980040988461],[-116.64665023796786,32.75906978632868],[-116.64799879146561,32.75793223230958],[-116.64812781473321,32.757076793304115],[-116.64761381427888,32.755569791883424],[-116.64802481325125,32.753655791272145],[-116.64978281485371,32.752309791072186],[-116.65042081499622,32.75133579200741],[-116.6504078151988,32.75046779155834],[-116.64940581516264,32.748422792872425],[-116.6509238151608,32.745426791284174],[-116.64983781327034,32.743094788650794],[-116.65147881190323,32.74082379081352],[-116.651465815218,32.740328790919534],[-116.65070481256765,32.739498789362415],[-116.65078281480949,32.738486789613994],[-116.6514988135551,32.73826679077904],[-116.65302181288963,32.738926788644676],[-116.6540108148822,32.738509788414255],[-116.65357581545717,32.73624978938154],[-116.65116881358725,32.734367790908315],[-116.65110381526354,32.73365878855419],[-116.65289381305197,32.7321857886325],[-116.65434581008249,32.728242788245296],[-116.65483380935994,32.72805578978422],[-116.65561581370628,32.726758789007604],[-116.65771781338762,32.72475778769713],[-116.65798380989754,32.72410878674894],[-116.6579268091659,32.72216178834038],[-116.65860281236382,32.72116178759306],[-116.65950781279432,32.72087578604667],[-116.66102980966349,32.721931788802635],[-116.66272080988317,32.72213578678302],[-116.66349481502772,32.723219787666736],[-116.66417780974716,32.72268578635645],[-116.66412581387178,32.72149278817409],[-116.66482281372387,32.720117788027466],[-116.66467381210406,32.718611786037194],[-116.66521381441112,32.71740678467595],[-116.66495381264059,32.71632378695154],[-116.6661525862464,32.713619309410554],[-116.66643157170476,32.71144510306654],[-116.66615781474586,32.711325785878344],[-116.66611581527496,32.710526785109295],[-116.66696281518608,32.709440784221464],[-116.66869181032534,32.70898078431288],[-116.67243581469133,32.7090457864115],[-116.67308681599988,32.70494878414956],[-116.67292381634984,32.70355678517374],[-116.67339081399403,32.70164978366382],[-116.67622081575898,32.699658783785985],[-116.67671981562572,32.698987785233165],[-116.67669581462845,32.69814778249732],[-116.67575181380572,32.69652678334356],[-116.67315181372994,32.694304781340456],[-116.672523812891,32.6932347839065],[-116.67231681615556,32.69011578251955],[-116.66944681257948,32.68233978289657],[-116.66933781501369,32.68062678282117],[-116.66976381269757,32.67886178159395],[-116.67095881470752,32.67884378082498],[-116.6718358129126,32.678024780146345],[-116.67175181181928,32.67729878115414],[-116.67313081027038,32.67165677872765],[-116.67512081154614,32.66888578041591],[-116.67638981400515,32.66476677803582],[-116.67940581174769,32.661879780033416],[-116.67959481353529,32.660648779441374],[-116.68052481111465,32.65912577806216],[-116.68062181455065,32.65683177980836],[-116.67869181308143,32.654577778365585],[-116.67836081117507,32.65366477744404],[-116.68043481190905,32.64801677757862],[-116.68119581107685,32.642221776805656],[-116.68150081248183,32.64173177523569],[-116.68240380994513,32.641357776623785],[-116.68439281465645,32.64174877868511],[-116.6863558126687,32.64130277661227],[-116.68701881268132,32.639565774465176],[-116.68721381314685,32.63839977522438],[-116.6869928124785,32.637904776090494],[-116.68397781231381,32.63716177435842],[-116.68308081303006,32.636513776051224],[-116.68270381018213,32.635820773888014],[-116.68276181285489,32.63401077695106],[-116.6834378119712,32.6330817755634],[-116.68492581324486,32.63287277501599],[-116.68668081288425,32.63340677593912],[-116.68761081433793,32.63315877343476],[-116.68790281225246,32.63274677585424],[-116.68754481290199,32.63154777440149],[-116.68574481143403,32.629655775790724],[-116.68558281082784,32.62867177432521],[-116.68589981354896,32.62667877474393],[-116.68636281165814,32.625762774217186],[-116.68625181244201,32.624798774815616],[-116.68925981107947,32.623539776371025],[-116.69113181273936,32.62175277374577],[-116.69215181310977,32.61971777420583],[-116.69415281301217,32.61822177253607],[-116.69619281363686,32.61753977282153],[-116.69796681219147,32.616164772176106],[-116.69932481416163,32.61371277334908],[-116.69934981352257,32.612199771574694],[-116.69855781257644,32.61036377372026],[-116.69890781226377,32.60968177183944],[-116.69746581216097,32.60946677316766],[-116.69589581309285,32.60809777107761],[-116.69592281188754,32.607616770886004],[-116.69535281296037,32.60712577140078],[-116.69595081201435,32.605993770375036],[-116.69747189311025,32.60561491681371],[-116.70007433535115,32.608640142221326],[-116.70130494968215,32.608448299878674],[-116.70407648539317,32.60877617110368],[-116.70946816319712,32.61099889549141],[-116.71042804681117,32.610962327521044],[-116.71426404108341,32.609601202780595],[-116.71561662918235,32.608084464477706],[-116.71645341868998,32.604827164846135],[-116.71989308131556,32.600751921682736],[-116.72144473802186,32.59946797523027],[-116.72331279629164,32.594832466909246],[-116.72420042017293,32.59386160790515],[-116.72849591514233,32.592096997574],[-116.73037165743428,32.59075945961467],[-116.73407765478574,32.58988469270771],[-116.73712634806334,32.588748567165176],[-116.74074155507301,32.58792068220477],[-116.74576882047515,32.588036767103816],[-116.74689081915581,32.58751976678337],[-116.7473088179811,32.58680576704392],[-116.74719281798231,32.58614076460421],[-116.74426981857798,32.58346876641259],[-116.74397881757928,32.582634765973516],[-116.74418781777189,32.57971976614079],[-116.74458181923347,32.57837176482698],[-116.74594982014638,32.57739576484051],[-116.7569078195822,32.57357776575248],[-116.75951183018857,32.570938899823624],[-116.75997891090316,32.56863653578181],[-116.75920318555525,32.56711459730727]]]}},{"type":"Feature","properties":{"name":"ANZA-BORREGO SPRINGS"},"geometry":{"type":"Polygon","coordinates":[[[-116.14829471938266,32.63386280255621],[-116.11304571321138,32.63706280522767],[-116.11113571208587,32.63770680357216],[-116.10944571173664,32.63883380579086],[-116.10841370975228,32.640012804933164],[-116.1068228812607,32.64277458409459],[-116.10402108120765,33.0733975200408],[-116.10333933623305,33.07343359231405],[-116.10334879575989,33.074746414691106],[-116.08155253881185,33.07467490725524],[-116.08192438167893,33.2301806391471],[-116.08226158383566,33.25128490969862],[-116.08522294392004,33.33928857281135],[-116.08490748663262,33.42589200951311],[-116.39292657988955,33.42721027601792],[-116.45344412473925,33.42737053466622],[-116.50777791915205,33.42709875860663],[-116.61771577421318,33.42744336516621],[-116.61785214253152,33.363373889587926],[-116.60154974002077,33.363183057170595],[-116.59387961199454,33.36372407578554],[-116.58466126879364,33.363223856259374],[-116.56744690547573,33.362912057578804],[-116.5676297727229,33.356126124221575],[-116.57188712314701,33.35627608068866],[-116.57192794924306,33.3557789065639],[-116.57262684584603,33.35544586723032],[-116.57234884673441,33.35449286785668],[-116.58029584670459,33.35419786702263],[-116.58030097406132,33.35313199709659],[-116.58505553156479,33.3532859701476],[-116.58518987127385,33.34988527152703],[-116.56780727848327,33.34927685757877],[-116.56689992524824,33.341515218599255],[-116.50143934876287,33.34114162907624],[-116.50082400087814,33.25257945984133],[-116.49980959018359,33.24263189882671],[-116.49044013102828,33.24256855649371],[-116.4913359413114,33.23887854378219],[-116.49131638282901,33.2317768641672],[-116.49584230046685,33.23173225040817],[-116.49625559988078,33.22964255623938],[-116.49590831394963,33.22961864197786],[-116.49554140165208,33.22815680399441],[-116.4956066077792,33.22465414159727],[-116.4959335685818,33.22464959283149],[-116.49592054354403,33.22325894702187],[-116.49530007260941,33.210504818905406],[-116.5038549749909,33.21046863159167],[-116.50406547961721,33.20300882515904],[-116.49984507924327,33.20305072262843],[-116.4999845137645,33.19577279535504],[-116.49948815073759,33.19577735082255],[-116.49948982041191,33.191718852325025],[-116.49500782087644,33.18983985230377],[-116.492963817038,33.18823685367747],[-116.49258082061094,33.1865188513816],[-116.49285282088066,33.185990853390976],[-116.4941878183417,33.185119851627256],[-116.49745681898064,33.18378985121836],[-116.49846481838304,33.18397284971862],[-116.49854682170835,33.18461385071366],[-116.49933782059608,33.18518685158722],[-116.50034481883326,33.18461285000987],[-116.50007081866515,33.18170384995445],[-116.5005285095142,33.18099632835188],[-116.49539000064686,33.18117066777855],[-116.49509995363114,33.177951189675646],[-116.50787182138957,33.1777918490195],[-116.51273600069642,33.178132193462716],[-116.51291821841397,33.181193478091195],[-116.51722370581616,33.1815587913451],[-116.51629205653174,33.167510479016464],[-116.51437682087855,33.16645784954769],[-116.51337282016948,33.16393584710018],[-116.51154682144418,33.1623548471299],[-116.50817581903233,33.161856848756734],[-116.50662581804288,33.162330848905704],[-116.50337382040426,33.1601798499643],[-116.50053181760659,33.15980684777252],[-116.49962681929841,33.15878184841179],[-116.49593081812249,33.15771084665387],[-116.49362481796727,33.15829284988246],[-116.49141881632963,33.157238848015844],[-116.48857681525853,33.15763184773351],[-116.48767581475956,33.15703585077499],[-116.48554181432567,33.15719284852466],[-116.4843168163835,33.1564688479005],[-116.48015181664046,33.155274849365235],[-116.48009081397504,33.15446184991546],[-116.47718381306531,33.1530888497604],[-116.47635181217922,33.15211184745012],[-116.47455881141691,33.15229484737564],[-116.46889781224331,33.15185285068127],[-116.46498381354905,33.152596848720414],[-116.46392380970872,33.15188684995878],[-116.46271081071383,33.1516088486466],[-116.46215380993242,33.15198584848993],[-116.45548181158303,33.1491728486254],[-116.44985880844851,33.14757085018402],[-116.43501780533603,33.139725848871464],[-116.43181080517618,33.13899184971939],[-116.42200580472125,33.13465485070061],[-116.41698776264626,33.13452765307811],[-116.41791580032191,33.131961850544634],[-116.42025480166375,33.129529847517894],[-116.4277388017807,33.12835384889455],[-116.42934180429006,33.12849684857049],[-116.43139080395581,33.129241847139696],[-116.43450080419008,33.12861084855603],[-116.43459980310703,33.127201849818185],[-116.43565080294722,33.126128847530154],[-116.43580180312654,33.124460847625166],[-116.43554180365454,33.12228184672582],[-116.43420974025898,33.120670686265015],[-116.43453280399106,33.11951784748594],[-116.438742804317,33.11612184634805],[-116.4410848044809,33.11506684440763],[-116.44300480545039,33.114608845336384],[-116.44474880311836,33.112908844288874],[-116.44575980343959,33.11252284725105],[-116.44664280403505,33.111271845562044],[-116.44906280301394,33.11061984512598],[-116.44917580693108,33.10899884543884],[-116.4507828060488,33.1078608467394],[-116.45098980323328,33.10580584359038],[-116.45309580524597,33.1042788450122],[-116.45420180487885,33.10300784380907],[-116.45936980630911,33.10065384175886],[-116.46821580737691,33.09956284238889],[-116.48126380647318,33.09449883985051],[-116.53175081802607,33.078452837287884],[-116.53292681764157,33.077819837148965],[-116.53458581668366,33.076055836411065],[-116.53794581629057,33.07404483521978],[-116.53894281713013,33.07307483630121],[-116.54308281818955,33.070885835714655],[-116.5443388074805,33.07074782238411],[-116.54660781959957,33.068914836295114],[-116.54773882039105,33.06746383603363],[-116.54692681863287,33.06708083445631],[-116.54647882095836,33.06734383489237],[-116.54481181718006,33.06717383625099],[-116.54565381921424,33.06665783417183],[-116.54597481890045,33.065861833189324],[-116.54662982027786,33.06572683408566],[-116.5467598178601,33.064569835953456],[-116.54757281900552,33.06350683343858],[-116.54718982045607,33.062392833403194],[-116.54657481933113,33.0621708337797],[-116.54705681984348,33.061919835565874],[-116.54671881968925,33.06118883532294],[-116.54690881916983,33.060504834273374],[-116.54504681643661,33.05898083271658],[-116.54277781828435,33.05416883324869],[-116.54230281893193,33.05385983400458],[-116.54182981733425,33.051935833285874],[-116.54040581732586,33.05107183332386],[-116.54073881447542,33.05059483378515],[-116.53885581589734,33.05043383421883],[-116.53833781815773,33.050081834194394],[-116.53878881689539,33.0492778332044],[-116.53864381566177,33.048640834406854],[-116.53930881579485,33.04814783194495],[-116.53938481504025,33.04687683338503],[-116.54027884223949,33.04621086230326],[-116.54020281612475,33.04486483267916],[-116.53897981730188,33.04391283385278],[-116.53878381508976,33.043509831450486],[-116.53912181600498,33.04271283160029],[-116.53836381609493,33.042635832352275],[-116.5385898153013,33.042097832118536],[-116.53740181568152,33.04093483133073],[-116.53786681568867,33.04024183261499],[-116.53789381570286,33.03948583065103],[-116.53717681717814,33.038592831782644],[-116.53724381502428,33.03809883248163],[-116.5365828140992,33.0378798326985],[-116.53647181391169,33.03569383075553],[-116.53614381527785,33.03489883131465],[-116.53518581592104,33.03352183054318],[-116.53388681379646,33.03242983133476],[-116.53180681384546,33.02869983039716],[-116.53116881286294,33.028202831495214],[-116.53062681296075,33.02630983266397],[-116.5300978138014,33.02589082988859],[-116.53001481456776,33.023781830677194],[-116.52901281194715,33.022534830993266],[-116.52848481312388,33.021255831035134],[-116.52761081443343,33.02056483148098],[-116.52787681020692,33.020066831214415],[-116.52746781293484,33.01808282989127],[-116.52764981176729,33.0173018309815],[-116.52730481261776,33.016461829203365],[-116.52758781300003,33.0161388286704],[-116.52661381096468,33.01420782874729],[-116.52716481230344,33.01363682934243],[-116.52744281371425,33.012494827881234],[-116.52912881076854,33.01180482883411],[-116.52997981084567,33.01225482932719],[-116.52987581153104,33.01272382944784],[-116.53021181225799,33.013001829629765],[-116.53289281437213,33.012555828279055],[-116.53254481064299,33.01380782952678],[-116.53414681258829,33.013902828731474],[-116.53396981262192,33.01441882748123],[-116.53434181498616,33.0146518300053],[-116.53453981400298,33.013885828523996],[-116.53429981237198,33.0134608312009],[-116.53508481286266,33.012506828810416],[-116.53561981251606,33.01269382848423],[-116.53623881367322,33.013563829430694],[-116.5372308145701,33.013533829190244],[-116.53817481249578,33.011355830105444],[-116.53802681605158,33.01091282973992],[-116.53862281595481,33.01113782940507],[-116.54031681220812,33.01060982885803],[-116.54174881231047,33.01236682897023],[-116.54167980970942,33.014007827487646],[-116.54298181487768,33.014963827579244],[-116.54294981204887,33.016268829233205],[-116.54412581327509,33.01798583047418],[-116.54409781321772,33.01867682885129],[-116.54637281323079,33.01937382811641],[-116.5492578143198,33.01941083087723],[-116.5503758123317,33.02014282845753],[-116.55395981282606,33.01888382111387],[-116.55497481612824,33.018810829722234],[-116.55722981378317,33.017553829159496],[-116.5585858182991,33.01715982786236],[-116.5594308141944,33.017262827951015],[-116.56134081765332,33.01856882939076],[-116.56233481888735,33.017231828407596],[-116.56255881808826,33.01595282824391],[-116.56121581788075,33.012509828208124],[-116.56121181951391,33.01092082725633],[-116.5591858159061,33.009837827720474],[-116.555085815208,33.00408382548891],[-116.54500281238232,32.99526082711628],[-116.54282681526865,32.99432382694972],[-116.53826781251067,32.993898824971936],[-116.53459981151958,32.99166582739912],[-116.53367081186497,32.99046682647299],[-116.53309681145457,32.98901082481166],[-116.53296681155888,32.98450082681251],[-116.5307588102517,32.981059823776945],[-116.52579180804982,32.97912182386152],[-116.52396680847963,32.97768482560404],[-116.52161080886364,32.97671082513344],[-116.52023280927948,32.975635826225705],[-116.51846580598588,32.97534382317061],[-116.51770880503169,32.97487982603221],[-116.51376380434372,32.970362824067124],[-116.51319280593388,32.96687182481917],[-116.51003480543696,32.96003082368194],[-116.50873580396093,32.958198824676536],[-116.50773480529192,32.95396382269462],[-116.50542080170968,32.95151982354576],[-116.50455680325759,32.94878582249064],[-116.5037908043452,32.94826282294872],[-116.50145580404016,32.94762582186277],[-116.50036080129854,32.945488823072786],[-116.49950080240087,32.94485382204265],[-116.49852280210843,32.94467182425542],[-116.4952488003289,32.94502082343299],[-116.49376080011538,32.944561823547865],[-116.49055679975031,32.94164282200213],[-116.4869718002901,32.935962823617665],[-116.4826127962775,32.934531822434806],[-116.48103379606603,32.931594821971466],[-116.48114479841314,32.92998182134761],[-116.48078879689933,32.928811821743295],[-116.48096879739911,32.9270958214204],[-116.482202797892,32.92561382110182],[-116.48240480372344,32.924085489474336],[-116.480879798195,32.92393782212279],[-116.47858379715906,32.924705823020965],[-116.47732579641894,32.92443482072501],[-116.4655287934678,32.91415482210352],[-116.46127579392261,32.911546820642435],[-116.46023279208316,32.91039082052953],[-116.45880179149813,32.90749081992667],[-116.45550178998114,32.90294082045335],[-116.4532807921053,32.89861581781414],[-116.45233578903763,32.8979568197407],[-116.45065379016349,32.89777782027598],[-116.44975479114575,32.897303820031574],[-116.44898878899826,32.896239820356996],[-116.44854778908356,32.89404581796667],[-116.44797378862357,32.893245818724594],[-116.4428967875038,32.89005981792043],[-116.43714878770254,32.888246820134],[-116.43051578698177,32.88424481867279],[-116.43012878445735,32.88529781894998],[-116.42953078385199,32.885802818141464],[-116.42839578610798,32.88530781712245],[-116.4280427831554,32.88551381953002],[-116.42725478521268,32.88826382030113],[-116.42662978491826,32.88933982084156],[-116.4266297855145,32.88988981973409],[-116.4273907871486,32.890577819660244],[-116.42763478591701,32.891837820700324],[-116.42538078616911,32.8918148199986],[-116.4247017848518,32.892753820611766],[-116.42418578523264,32.89279982143629],[-116.42147278584316,32.89100082051896],[-116.41990078214846,32.88844181923559],[-116.41924678428255,32.88793282017321],[-116.4179597833862,32.88327282091885],[-116.41796091074738,32.882368935080656],[-116.41632466544982,32.8830090102638],[-116.41113423722695,32.87326451572236],[-116.41315436403399,32.87250650153482],[-116.41236278040533,32.872229819560474],[-116.41267977956227,32.87153381710485],[-116.41428478259138,32.871612817813784],[-116.41598578347559,32.87109281802676],[-116.41568278011549,32.870344817500175],[-116.4158177805253,32.86961981872598],[-116.41461578125325,32.86957081683338],[-116.41387678380167,32.86906781612314],[-116.41335678058564,32.86650481719205],[-116.41411778215081,32.86483181613404],[-116.41289578037892,32.863983818188586],[-116.41286878225822,32.86366281717876],[-116.4125813950482,32.86366444896306],[-116.41259886941177,32.86568246939624],[-116.37761606018678,32.86577302735022],[-116.37738409219598,32.85850920904133],[-116.36019359848166,32.858476267563766],[-116.36010001305745,32.85594876418051],[-116.35967977178876,32.85593982019711],[-116.35872277118067,32.85696882024632],[-116.35728276915248,32.85763982055379],[-116.35645577077744,32.857540817718906],[-116.35242376913985,32.85913181961113],[-116.3511277678527,32.859106818945854],[-116.34960976810426,32.86011081923239],[-116.3489647709969,32.859863820515194],[-116.34696476948751,32.8604368214406],[-116.34592877047193,32.86109682046059],[-116.34320576853729,32.86143282004547],[-116.34180443411212,32.862768406814986],[-116.34001061571249,32.86599406114634],[-116.3396928462401,32.86717875531686],[-116.33465315143373,32.86739766778577],[-116.33283976739534,32.867071821639136],[-116.32562707209716,32.86677938584407],[-116.32278976617245,32.86710282206155],[-116.31817368056714,32.87195668685317],[-116.31816023641142,32.85850385926048],[-116.32223403504426,32.85858124883035],[-116.32222778139284,32.854928611870136],[-116.32650024109044,32.85500574655911],[-116.32649034988742,32.85133936795836],[-116.33486498268077,32.851232206853574],[-116.33479202723571,32.829583005370466],[-116.32644212821337,32.82955822573016],[-116.32633835313524,32.81499720320425],[-116.30975852861015,32.815044815244896],[-116.30995681189836,32.82948762216005],[-116.25591898883177,32.82919978140843],[-116.21987285627722,32.82995473428339],[-116.21964384747582,32.81437392581694],[-116.22047875506351,32.79962064714054],[-116.22271954998989,32.740972789829975],[-116.22281186556047,32.72634583122574],[-116.20879778082353,32.726613974756184],[-116.20772845633608,32.712178963054285],[-116.20914615993516,32.6975524087742],[-116.20816506425437,32.682724419800444],[-116.20829039680198,32.66059079507865],[-116.20456872740748,32.658362801477665],[-116.19709872718192,32.651360802137226],[-116.19541672626497,32.65019480332545],[-116.17595072410197,32.642728800922164],[-116.16889272212742,32.637960800595046],[-116.16578472054988,32.636556803045686],[-116.16591871920498,32.63623580143562],[-116.162696720195,32.63555980092364],[-116.14829471938266,32.63386280255621]]]}}]}